SaleID,DateKey,ProductKey,StoreKey,Quantity,SalesAmount,CostAmount,DiscountPercent,Profit
1,20210302,102,3,1,364.65,300.3,15.0,64.35
2,20220206,104,5,6,2382.6,1755.6,5.0,627.0
3,20201008,103,2,10,2043.0,1589.0,10.0,454.0
4,20200822,104,1,13,1803.1,1328.6,5.0,474.5
5,20220108,101,5,12,2978.4,2452.8,15.0,525.6
6,20201215,104,4,12,4559.4,3754.8,15.0,804.6
7,20220820,101,4,13,2132.65,1756.3,15.0,376.35
8,20211014,104,1,16,6596.8,4860.8,5.0,1736.0
9,20210319,103,5,24,9528.0,6669.6,0.0,2858.4
10,20210108,104,3,9,1960.2,1524.6,10.0,435.6
11,20210923,103,3,4,1130.4,879.2,10.0,251.2
12,20220131,102,5,6,1598.4,1243.2,10.0,355.2
13,20230725,105,5,15,4365.0,3055.5,0.0,1309.5
14,20230211,105,2,4,520.0,364.0,0.0,156.0
15,20240427,101,3,14,5160.4,3802.4,5.0,1358.0
16,20211013,101,1,24,8496.0,5947.2,0.0,2548.8
17,20200912,104,5,1,242.1,188.3,10.0,53.8
18,20240617,101,4,8,1260.0,980.0,10.0,280.0
19,20211202,103,4,14,4536.0,3175.2,0.0,1360.8
20,20210524,103,3,22,4774.0,3341.8,0.0,1432.2
21,20230817,102,4,10,3230.0,2660.0,15.0,570.0
22,20200824,105,2,16,2448.0,1713.6,0.0,734.4
23,20220413,103,1,12,2278.8,1772.4,10.0,506.4
24,20230218,103,1,17,5982.3,4652.9,10.0,1329.4
25,20230821,103,4,16,4148.0,3416.0,15.0,732.0
26,20240924,103,2,5,703.0,518.0,5.0,185.0
27,20201209,101,2,5,1239.75,913.5,5.0,326.25
28,20231001,103,4,13,2351.7,1829.1,10.0,522.6
29,20241002,104,5,6,1206.0,844.2,0.0,361.8
30,20220228,105,4,23,6138.7,5055.4,15.0,1083.3
31,20230209,102,2,21,4668.3,3630.9,10.0,1037.4
32,20200801,104,4,13,3613.35,2975.7,15.0,637.65
33,20220329,104,4,4,1566.0,1218.0,10.0,348.0
34,20210929,104,1,8,2752.0,1926.4,0.0,825.6
35,20231225,105,3,14,4998.0,3498.6,0.0,1499.4
36,20241221,103,2,7,1757.0,1229.9,0.0,527.1
37,20240323,103,3,22,8318.2,6129.2,5.0,2189.0
38,20220406,101,2,10,3111.0,2562.0,15.0,549.0
39,20220122,103,3,17,3892.15,2867.9,5.0,1024.25
40,20200910,105,5,5,1126.25,927.5,15.0,198.75
41,20241015,101,2,18,6173.1,4548.6,5.0,1624.5
42,20231214,102,5,21,3798.9,2954.7,10.0,844.2
43,20230820,105,5,2,820.0,574.0,0.0,246.0
44,20200226,101,4,16,2766.4,2038.4,5.0,728.0
45,20240115,102,4,24,3175.2,2469.6,10.0,705.6
46,20200228,103,2,14,4183.2,3253.6,10.0,929.6
47,20210820,105,2,15,3582.75,2950.5,15.0,632.25
48,20210126,104,5,10,3136.5,2583.0,15.0,553.5
49,20210706,101,4,4,784.8,610.4,10.0,174.4
50,20210214,105,5,15,1809.0,1407.0,10.0,402.0
51,20220131,101,3,13,3519.75,2593.5,5.0,926.25
52,20230224,101,1,17,4974.2,3665.2,5.0,1309.0
53,20230514,105,4,17,3179.0,2225.3,0.0,953.7
54,20230123,101,2,12,1890.0,1470.0,10.0,420.0
55,20240129,103,5,7,1652.0,1156.4,0.0,495.6
56,20230707,101,5,9,3251.25,2677.5,15.0,573.75
57,20220203,103,5,2,288.8,212.8,5.0,76.0
58,20221101,105,5,13,4629.95,3812.9,15.0,817.05
59,20230104,101,3,21,4608.45,3395.7,5.0,1212.75
60,20240514,105,4,21,4389.0,3234.0,5.0,1155.0
61,20220414,101,2,7,2819.6,2077.6,5.0,742.0
62,20220902,105,5,24,7090.8,5224.8,5.0,1866.0
63,20200528,101,1,19,3585.3,2952.6,15.0,632.7
64,20221004,104,2,10,4280.0,2996.0,0.0,1284.0
65,20211105,104,2,15,5220.0,3654.0,0.0,1566.0
66,20230129,105,4,17,6460.0,4522.0,0.0,1938.0
67,20240226,102,4,21,4139.1,3219.3,10.0,919.8
68,20201221,103,1,11,1257.3,977.9,10.0,279.4
69,20241216,105,1,6,1686.0,1180.2,0.0,505.8
70,20220331,101,5,17,4861.15,3581.9,5.0,1279.25
71,20200430,101,4,7,2275.0,1592.5,0.0,682.5
72,20220926,104,3,14,5241.6,4076.8,10.0,1164.8
73,20210620,104,3,9,2241.0,1568.7,0.0,672.3
74,20220923,102,2,24,4320.0,3024.0,0.0,1296.0
75,20200519,102,2,13,4212.0,3276.0,10.0,936.0
76,20221004,103,5,24,3360.0,2352.0,0.0,1008.0
77,20211023,102,4,12,1926.6,1419.6,5.0,507.0
78,20210622,104,3,8,2604.4,2144.8,15.0,459.6
79,20200124,102,3,1,235.8,183.4,10.0,52.4
80,20240918,102,1,4,1472.0,1030.4,0.0,441.6
81,20240905,105,5,8,1536.0,1075.2,0.0,460.8
82,20220906,101,5,1,257.4,200.2,10.0,57.2
83,20221010,103,2,24,7384.8,6081.6,15.0,1303.2
84,20240807,105,5,2,450.3,331.8,5.0,118.5
85,20221223,104,3,12,1598.4,1243.2,10.0,355.2
86,20220307,101,1,18,3915.9,2885.4,5.0,1030.5
87,20210713,101,2,9,1350.0,945.0,0.0,405.0
88,20210516,101,5,4,1230.8,1013.6,15.0,217.2
89,20230513,104,1,7,1249.5,1029.0,15.0,220.5
90,20210430,103,4,1,140.25,115.5,15.0,24.75
91,20241225,103,2,8,2184.0,1528.8,0.0,655.2
92,20220414,102,2,15,4080.0,2856.0,0.0,1224.0
93,20230710,102,1,8,1734.0,1428.0,15.0,306.0
94,20200619,104,4,19,2356.0,1649.2,0.0,706.8
95,20220614,103,1,10,1462.0,1204.0,15.0,258.0
96,20211002,101,1,17,2279.7,1773.1,10.0,506.6
97,20230506,105,3,10,3195.0,2485.0,10.0,710.0
98,20230323,103,3,2,466.2,362.6,10.0,103.6
99,20230709,102,4,8,1274.4,991.2,10.0,283.2
100,20210117,102,5,23,4209.0,2946.3,0.0,1262.7
101,20241005,101,3,6,1474.2,1146.6,10.0,327.6
102,20240318,101,4,1,209.95,172.9,15.0,37.05
103,20240531,105,5,2,528.2,389.2,5.0,139.0
104,20240512,101,5,24,7488.0,5241.6,0.0,2246.4
105,20221224,102,2,16,3931.2,3057.6,10.0,873.6
106,20230403,105,5,15,6435.0,4504.5,0.0,1930.5
107,20220811,102,4,20,3591.0,2646.0,5.0,945.0
108,20230707,101,4,2,496.0,347.2,0.0,148.8
109,20230803,105,2,16,6076.8,4726.4,10.0,1350.4
110,20221015,104,5,22,7266.6,5651.8,10.0,1614.8
111,20240524,104,5,4,1458.0,1134.0,10.0,324.0
112,20211009,103,1,15,5145.0,3601.5,0.0,1543.5
113,20211016,101,4,24,10104.0,7072.8,0.0,3031.2
114,20210416,104,1,18,2916.0,2041.2,0.0,874.8
115,20210116,104,3,14,5936.0,4155.2,0.0,1780.8
116,20200328,102,5,22,5425.2,4219.6,10.0,1205.6
117,20210307,103,2,2,769.5,567.0,5.0,202.5
118,20241117,105,4,8,1938.0,1428.0,5.0,510.0
119,20210508,104,3,17,5916.0,4141.2,0.0,1774.8
120,20201223,101,5,13,5343.0,3740.1,0.0,1602.9
121,20240501,102,2,5,1871.5,1379.0,5.0,492.5
122,20241215,102,5,13,3562.0,2493.4,0.0,1068.6
123,20210803,101,4,15,4802.25,3538.5,5.0,1263.75
124,20220921,101,5,15,5805.0,4515.0,10.0,1290.0
125,20230723,102,1,7,1369.9,1009.4,5.0,360.5
126,20230705,103,2,21,4628.4,3410.4,5.0,1218.0
127,20210509,105,2,7,2112.25,1739.5,15.0,372.75
128,20200111,105,1,12,3743.4,3082.8,15.0,660.6
129,20231116,101,5,17,5168.0,3808.0,5.0,1360.0
130,20210805,104,1,15,5625.0,3937.5,0.0,1687.5
131,20200106,101,1,7,791.35,651.7,15.0,139.65
132,20240216,103,1,15,4271.25,3517.5,15.0,753.75
133,20201123,102,1,5,745.0,521.5,0.0,223.5
134,20241113,101,1,1,252.45,207.9,15.0,44.55
135,20230825,102,5,2,574.0,401.8,0.0,172.2
136,20220210,103,2,9,2342.7,1726.2,5.0,616.5
137,20230411,104,3,1,218.7,170.1,10.0,48.6
138,20211228,101,3,21,4494.0,3145.8,0.0,1348.2
139,20221211,101,4,12,4332.0,3032.4,0.0,1299.6
140,20240521,105,3,10,3132.0,2436.0,10.0,696.0
141,20211004,102,2,8,2720.8,2004.8,5.0,716.0
142,20201225,105,2,23,7625.65,5618.9,5.0,2006.75
143,20200313,105,5,15,4959.75,4084.5,15.0,875.25
144,20220514,103,2,14,2118.2,1744.4,15.0,373.8
145,20240108,101,3,4,955.4,786.8,15.0,168.6
146,20210715,101,3,19,3892.15,3205.3,15.0,686.85
147,20200107,103,4,15,5205.0,3643.5,0.0,1561.5
148,20231022,105,1,20,6273.0,5166.0,15.0,1107.0
149,20201102,103,1,20,3618.0,2814.0,10.0,804.0
150,20210618,101,1,20,7740.0,5418.0,0.0,2322.0
151,20230111,104,1,18,5706.9,4699.8,15.0,1007.1
152,20230410,104,1,13,4359.55,3212.3,5.0,1147.25
153,20211206,104,3,19,5745.6,4468.8,10.0,1276.8
154,20200618,101,3,18,2251.8,1751.4,10.0,500.4
155,20241001,102,5,2,239.4,186.2,10.0,53.2
156,20240629,101,3,21,5877.9,4571.7,10.0,1306.2
157,20200205,105,2,1,402.0,281.4,0.0,120.6
158,20220529,103,2,20,2178.0,1694.0,10.0,484.0
159,20230818,103,3,14,5479.6,4037.6,5.0,1442.0
160,20220112,101,2,20,5610.0,4620.0,15.0,990.0
161,20231025,104,2,2,421.6,347.2,15.0,74.4
162,20230216,105,4,19,5862.45,4827.9,15.0,1034.55
163,20221007,103,5,2,680.0,560.0,15.0,120.0
164,20210430,104,2,19,5574.6,4335.8,10.0,1238.8
165,20220927,101,2,15,2593.5,1911.0,5.0,682.5
166,20210517,102,1,4,591.6,487.2,15.0,104.4
167,20230117,105,2,5,1957.0,1442.0,5.0,515.0
168,20221221,101,5,7,2555.0,1788.5,0.0,766.5
169,20211212,101,3,23,3812.25,3139.5,15.0,672.75
170,20200327,103,3,4,1244.0,870.8,0.0,373.2
171,20210317,105,1,3,410.4,319.2,10.0,91.2
172,20240119,104,3,3,561.0,392.7,0.0,168.3
173,20200901,101,5,15,3240.0,2268.0,0.0,972.0
174,20210810,104,4,19,2418.7,1782.2,5.0,636.5
175,20230609,104,1,16,4320.0,3024.0,0.0,1296.0
176,20200416,101,2,14,2885.4,2244.2,10.0,641.2
177,20221021,105,1,23,4595.4,3574.2,10.0,1021.2
178,20201112,102,1,1,141.95,116.9,15.0,25.05
179,20200717,104,2,6,1422.0,995.4,0.0,426.6
180,20240108,105,5,5,1675.0,1172.5,0.0,502.5
181,20240105,105,1,12,1360.8,1058.4,10.0,302.4
182,20210425,101,2,11,3674.55,3026.1,15.0,648.45
183,20200830,101,2,21,2713.2,1999.2,5.0,714.0
184,20220413,103,3,14,4894.4,3606.4,5.0,1288.0
185,20200822,104,4,22,4076.6,3357.2,15.0,719.4
186,20200425,103,4,5,830.0,581.0,0.0,249.0
187,20210327,103,4,4,469.2,386.4,15.0,82.8
188,20220604,104,3,23,6893.1,5361.3,10.0,1531.8
189,20220304,102,3,11,2236.3,1647.8,5.0,588.5
190,20220831,102,3,17,3326.9,2451.4,5.0,875.5
191,20210314,102,2,9,2050.2,1688.4,15.0,361.8
192,20230618,104,2,1,332.0,232.4,0.0,99.6
193,20220907,103,4,2,686.8,565.6,15.0,121.2
194,20201230,103,1,13,5278.0,3694.6,0.0,1583.4
195,20200306,101,2,23,3001.5,2334.5,10.0,667.0
196,20210324,105,3,9,2792.25,2299.5,15.0,492.75
197,20200829,101,4,6,1675.8,1234.8,5.0,441.0
198,20240808,103,1,5,1405.0,983.5,0.0,421.5
199,20230429,102,3,2,219.6,170.8,10.0,48.8
200,20220307,102,4,8,1168.0,817.6,0.0,350.4
201,20231104,104,1,2,826.0,578.2,0.0,247.8
202,20201122,105,1,19,6802.0,4761.4,0.0,2040.6
203,20221029,102,1,14,3378.2,2489.2,5.0,889.0
204,20210112,102,3,4,853.4,702.8,15.0,150.6
205,20240515,105,3,9,3154.95,2324.7,5.0,830.25
206,20221107,103,1,4,1451.8,1195.6,15.0,256.2
207,20240320,104,2,18,3029.4,2494.8,15.0,534.6
208,20230728,103,4,10,2160.0,1680.0,10.0,480.0
209,20200229,104,4,2,626.4,487.2,10.0,139.2
210,20220222,102,3,10,2023.0,1666.0,15.0,357.0
211,20210728,104,3,18,4599.9,3389.4,5.0,1210.5
212,20240425,103,5,19,6516.05,4801.3,5.0,1714.75
213,20200226,101,4,21,3571.05,2631.3,5.0,939.75
214,20221018,105,3,2,792.0,616.0,10.0,176.0
215,20230918,101,5,18,4176.9,3439.8,15.0,737.1
216,20240314,101,3,14,3225.6,2508.8,10.0,716.8
217,20220213,103,1,13,3849.3,2993.9,10.0,855.4
218,20200508,104,3,4,591.6,487.2,15.0,104.4
219,20201111,101,3,13,2561.0,1792.7,0.0,768.3
220,20210616,104,1,6,1032.0,722.4,0.0,309.6
221,20210827,103,3,20,7326.0,5698.0,10.0,1628.0
222,20240316,102,1,24,6216.0,4351.2,0.0,1864.8
223,20201106,101,4,12,4171.8,3435.6,15.0,736.2
224,20230618,102,1,7,1864.8,1450.4,10.0,414.4
225,20200123,105,1,17,4454.0,3117.8,0.0,1336.2
226,20220626,102,1,7,1833.3,1425.9,10.0,407.4
227,20230702,102,3,7,1960.0,1372.0,0.0,588.0
228,20230210,102,2,13,2482.35,1829.1,5.0,653.25
229,20240403,101,5,19,2888.0,2021.6,0.0,866.4
230,20240621,103,5,2,460.0,322.0,0.0,138.0
231,20230522,105,1,18,4069.8,2998.8,5.0,1071.0
232,20231014,104,2,16,4348.8,3382.4,10.0,966.4
233,20230109,104,5,1,349.0,244.3,0.0,104.7
234,20210706,104,4,11,3920.4,3049.2,10.0,871.2
235,20230915,101,2,8,1324.8,1030.4,10.0,294.4
236,20210207,103,2,21,5047.35,3719.1,5.0,1328.25
237,20241103,105,3,8,1087.2,845.6,10.0,241.6
238,20200331,103,1,10,3249.0,2394.0,5.0,855.0
239,20200814,103,5,20,8900.0,6230.0,0.0,2670.0
240,20210727,103,4,24,7646.4,5947.2,10.0,1699.2
241,20200813,101,4,11,4202.0,2941.4,0.0,1260.6
242,20200128,102,5,16,5875.2,4569.6,10.0,1305.6
243,20220427,105,3,18,4299.3,3540.6,15.0,758.7
244,20220906,105,2,18,2308.5,1701.0,5.0,607.5
245,20221102,101,3,6,2143.2,1579.2,5.0,564.0
246,20210205,103,2,12,5100.0,3570.0,0.0,1530.0
247,20210101,102,5,16,2371.2,1747.2,5.0,624.0
248,20240716,103,4,14,4452.0,3116.4,0.0,1335.6
249,20241215,102,3,15,4770.0,3339.0,0.0,1431.0
250,20220311,103,5,12,4446.0,3276.0,5.0,1170.0
251,20220504,104,5,8,2591.6,1909.6,5.0,682.0
252,20200801,103,5,7,1635.9,1205.4,5.0,430.5
253,20230620,101,1,6,1692.9,1247.4,5.0,445.5
254,20240303,104,3,17,3924.45,2891.7,5.0,1032.75
255,20200412,101,2,2,657.4,484.4,5.0,173.0
256,20221009,103,4,4,532.0,392.0,5.0,140.0
257,20231010,104,1,9,1368.0,957.6,0.0,410.4
258,20240101,104,2,6,1803.6,1402.8,10.0,400.8
259,20230822,102,2,2,550.8,428.4,10.0,122.4
260,20210721,102,1,2,714.6,555.8,10.0,158.8
261,20210112,101,4,6,2148.0,1503.6,0.0,644.4
262,20231216,102,5,10,1089.0,847.0,10.0,242.0
263,20240626,104,3,10,2431.0,2002.0,15.0,429.0
264,20210216,103,1,20,5117.0,4214.0,15.0,903.0
265,20230103,102,2,15,3420.0,2394.0,0.0,1026.0
266,20220313,101,2,1,368.6,271.6,5.0,97.0
267,20220830,105,2,4,666.0,518.0,10.0,148.0
268,20220819,102,1,18,5997.6,4939.2,15.0,1058.4
269,20240420,103,5,9,1895.4,1474.2,10.0,421.2
270,20210721,101,5,20,5066.0,4172.0,15.0,894.0
271,20220614,104,5,2,788.4,613.2,10.0,175.2
272,20240306,105,4,6,2052.0,1436.4,0.0,615.6
273,20201119,104,2,17,6069.0,4248.3,0.0,1820.7
274,20221119,102,2,1,169.0,118.3,0.0,50.7
275,20210615,104,1,12,2868.0,2007.6,0.0,860.4
276,20230503,103,4,4,1544.0,1080.8,0.0,463.2
277,20231204,101,3,4,493.0,406.0,15.0,87.0
278,20211204,102,3,2,806.0,564.2,0.0,241.8
279,20240716,104,2,2,700.0,490.0,0.0,210.0
280,20240803,103,3,14,2753.1,2028.6,5.0,724.5
281,20200614,101,3,5,650.75,479.5,5.0,171.25
282,20210806,105,1,13,4895.15,4031.3,15.0,863.85
283,20240201,101,1,17,4284.0,2998.8,0.0,1285.2
284,20230113,103,4,2,389.5,287.0,5.0,102.5
285,20220725,102,5,12,3670.8,2704.8,5.0,966.0
286,20201206,103,4,4,792.2,652.4,15.0,139.8
287,20241022,102,4,9,1607.4,1184.4,5.0,423.0
288,20200912,105,1,4,1232.0,862.4,0.0,369.6
289,20210917,104,2,10,3720.0,2604.0,0.0,1116.0
290,20200108,104,3,5,1202.75,990.5,15.0,212.25
291,20240323,104,4,6,2014.5,1659.0,15.0,355.5
292,20210426,104,5,20,5814.0,4788.0,15.0,1026.0
293,20240108,105,1,22,6732.0,5544.0,15.0,1188.0
294,20240903,103,1,16,5552.0,3886.4,0.0,1665.6
295,20211226,102,4,19,4959.0,3471.3,0.0,1487.7
296,20201001,104,1,4,952.0,784.0,15.0,168.0
297,20230515,101,4,21,6909.0,4836.3,0.0,2072.7
298,20200509,104,2,4,1688.0,1181.6,0.0,506.4
299,20240328,105,1,9,2164.95,1782.9,15.0,382.05
300,20210406,102,1,10,1738.5,1281.0,5.0,457.5
301,20240220,104,5,18,3608.1,2658.6,5.0,949.5
302,20231128,105,2,11,3730.65,3072.3,15.0,658.35
303,20210314,102,2,24,7888.8,5812.8,5.0,2076.0
304,20230204,104,1,23,8390.4,6182.4,5.0,2208.0
305,20220608,104,2,23,5962.75,4910.5,15.0,1052.25
306,20230903,103,1,7,2671.2,2077.6,10.0,593.6
307,20200801,101,4,21,7238.7,5630.1,10.0,1608.6
308,20231104,103,3,1,260.1,214.2,15.0,45.9
309,20230913,101,1,21,5140.8,3998.4,10.0,1142.4
310,20210428,105,5,14,3537.8,2606.8,5.0,931.0
311,20230307,101,1,11,2075.7,1709.4,15.0,366.3
312,20231202,104,5,12,4730.4,3679.2,10.0,1051.2
313,20200205,102,5,6,877.8,646.8,5.0,231.0
314,20210328,101,4,8,1400.0,980.0,0.0,420.0
315,20201202,101,5,3,1279.65,942.9,5.0,336.75
316,20240226,105,5,5,1300.0,910.0,0.0,390.0
317,20240323,105,3,9,3168.0,2217.6,0.0,950.4
318,20240513,101,3,5,1737.0,1351.0,10.0,386.0
319,20230819,103,4,10,4094.5,3017.0,5.0,1077.5
320,20200708,101,5,11,2739.55,2256.1,15.0,483.45
321,20230923,103,2,5,1776.5,1309.0,5.0,467.5
322,20220910,103,4,4,1212.0,848.4,0.0,363.6
323,20200511,101,1,1,237.5,175.0,5.0,62.5
324,20221223,104,1,8,2844.0,2212.0,10.0,632.0
325,20200815,105,3,11,2880.9,2240.7,10.0,640.2
326,20210626,102,1,1,288.9,224.7,10.0,64.2
327,20211214,101,5,8,2264.0,1584.8,0.0,679.2
328,20200828,103,3,5,1487.5,1225.0,15.0,262.5
329,20210831,103,4,1,225.25,185.5,15.0,39.75
330,20210104,104,2,6,1254.0,924.0,5.0,330.0
331,20230708,105,2,7,2219.35,1827.7,15.0,391.65
332,20211224,102,2,7,2028.25,1494.5,5.0,533.75
333,20200917,101,4,17,2615.45,2153.9,15.0,461.55
334,20210627,103,1,4,1540.0,1078.0,0.0,462.0
335,20200708,101,2,15,5842.5,4305.0,5.0,1537.5
336,20201204,103,3,3,716.55,590.1,15.0,126.45
337,20220922,103,5,20,3480.0,2436.0,0.0,1044.0
338,20220905,103,5,10,3870.0,3010.0,10.0,860.0
339,20200306,103,2,23,8142.0,5699.4,0.0,2442.6
340,20231027,103,5,22,5946.6,4897.2,15.0,1049.4
341,20241202,104,1,15,2673.0,2079.0,10.0,594.0
342,20210325,105,1,20,6817.0,5614.0,15.0,1203.0
343,20230426,103,2,3,498.75,367.5,5.0,131.25
344,20220712,104,1,6,2138.4,1663.2,10.0,475.2
345,20241121,102,5,5,1330.25,1095.5,15.0,234.75
346,20221121,105,2,24,9115.2,7089.6,10.0,2025.6
347,20220711,104,1,20,5480.0,3836.0,0.0,1644.0
348,20220607,103,4,24,8952.0,6266.4,0.0,2685.6
349,20210819,102,5,17,4667.35,3843.7,15.0,823.65
350,20231126,101,4,6,994.5,819.0,15.0,175.5
351,20200720,104,4,19,5595.5,4123.0,5.0,1472.5
352,20210513,102,5,15,5413.5,4210.5,10.0,1203.0
353,20210424,105,4,17,3962.7,3082.1,10.0,880.6
354,20230529,105,3,23,6440.0,4508.0,0.0,1932.0
355,20231015,102,4,23,3910.0,2737.0,0.0,1173.0
356,20240630,102,3,3,882.9,686.7,10.0,196.2
357,20210526,104,4,4,1235.0,910.0,5.0,325.0
358,20201026,105,3,23,8673.3,6745.9,10.0,1927.4
359,20201221,102,1,12,3888.0,3024.0,10.0,864.0
360,20220806,102,1,21,8458.8,6232.8,5.0,2226.0
361,20231023,104,1,8,2280.0,1596.0,0.0,684.0
362,20201018,105,2,15,5535.0,4305.0,10.0,1230.0
363,20221214,104,5,21,8190.0,5733.0,0.0,2457.0
364,20230412,105,3,8,1117.2,823.2,5.0,294.0
365,20210220,104,4,20,4009.0,2954.0,5.0,1055.0
366,20240712,101,2,17,2658.8,2189.6,15.0,469.2
367,20240813,102,1,14,5758.9,4243.4,5.0,1515.5
368,20220727,105,2,4,1394.0,1148.0,15.0,246.0
369,20210410,101,3,7,1172.15,965.3,15.0,206.85
370,20230604,104,4,4,1288.2,949.2,5.0,339.0
371,20220707,102,3,5,1219.5,948.5,10.0,271.0
372,20200712,102,2,21,5087.25,4189.5,15.0,897.75
373,20241012,103,3,22,3627.8,2987.6,15.0,640.2
374,20211024,104,2,8,3256.0,2279.2,0.0,976.8
375,20200816,101,3,16,6768.0,4737.6,0.0,2030.4
376,20230916,105,3,5,1640.0,1148.0,0.0,492.0
377,20230917,104,3,12,3801.6,2956.8,10.0,844.8
378,20200901,104,5,18,6104.7,4498.2,5.0,1606.5
379,20210417,102,4,16,1814.4,1411.2,10.0,403.2
380,20230723,105,4,14,3534.3,2910.6,15.0,623.7
381,20210612,105,3,17,2918.9,2403.8,15.0,515.1
382,20210517,101,3,7,1875.3,1381.8,5.0,493.5
383,20220205,103,1,5,1135.25,836.5,5.0,298.75
384,20230509,101,2,14,3986.5,3283.0,15.0,703.5
385,20211006,101,4,6,2016.0,1411.2,0.0,604.8
386,20241226,105,3,13,3723.85,3066.7,15.0,657.15
387,20241027,103,5,4,1267.2,985.6,10.0,281.6
388,20200116,103,3,11,2169.2,1786.4,15.0,382.8
389,20200602,104,4,16,4605.6,3393.6,5.0,1212.0
390,20230727,105,1,1,152.1,118.3,10.0,33.8
391,20241031,102,1,22,2505.8,2063.6,15.0,442.2
392,20231115,104,3,1,307.0,214.9,0.0,92.1
393,20200930,101,3,6,2473.8,1822.8,5.0,651.0
394,20220502,103,3,21,5103.0,3969.0,10.0,1134.0
395,20230731,103,2,14,1822.1,1342.6,5.0,479.5
396,20210328,102,2,15,5482.5,4515.0,15.0,967.5
397,20230924,104,2,24,8316.0,6468.0,10.0,1848.0
398,20221215,103,5,23,9637.0,6745.9,0.0,2891.1
399,20231003,105,3,16,2340.8,1724.8,5.0,616.0
400,20230424,104,4,11,1944.8,1601.6,15.0,343.2
401,20230104,101,4,10,1485.0,1155.0,10.0,330.0
402,20240521,104,1,22,5236.0,3665.2,0.0,1570.8
403,20230929,103,3,24,6201.6,4569.6,5.0,1632.0
404,20210706,102,2,12,2587.8,1906.8,5.0,681.0
405,20220626,104,1,2,731.0,602.0,15.0,129.0
406,20240616,105,4,14,2332.4,1920.8,15.0,411.6
407,20210901,103,5,18,2417.4,1990.8,15.0,426.6
408,20231123,103,4,19,8493.0,5945.1,0.0,2547.9
409,20231023,101,2,8,2032.0,1422.4,0.0,609.6
410,20200411,102,1,11,4167.9,3241.7,10.0,926.2
411,20200222,103,3,23,7567.0,5296.9,0.0,2270.1
412,20201009,102,4,13,1801.15,1483.3,15.0,317.85
413,20200715,104,1,21,8022.0,5615.4,0.0,2406.6
414,20201128,101,3,3,356.4,277.2,10.0,79.2
415,20230806,103,4,13,4420.0,3094.0,0.0,1326.0
416,20230609,101,2,21,5027.4,3704.4,5.0,1323.0
417,20221001,104,1,24,7754.4,6031.2,10.0,1723.2
418,20211227,105,2,24,9180.0,7140.0,10.0,2040.0
419,20241102,104,3,7,2506.0,1754.2,0.0,751.8
420,20240722,103,5,24,5882.4,4334.4,5.0,1548.0
421,20220718,105,3,15,5785.5,4263.0,5.0,1522.5
422,20210714,103,4,8,1972.0,1624.0,15.0,348.0
423,20220302,105,5,5,1610.0,1127.0,0.0,483.0
424,20240413,101,3,21,7875.0,5512.5,0.0,2362.5
425,20240802,104,3,4,1292.4,1005.2,10.0,287.2
426,20200701,102,2,13,5532.8,4076.8,5.0,1456.0
427,20221021,104,3,1,363.6,282.8,10.0,80.8
428,20230822,103,2,1,256.0,179.2,0.0,76.8
429,20240116,103,1,18,1912.5,1575.0,15.0,337.5
430,20240330,101,5,21,4025.7,3131.1,10.0,894.6
431,20231027,102,1,15,5227.5,4305.0,15.0,922.5
432,20201213,104,5,8,1960.0,1372.0,0.0,588.0
433,20201202,103,2,8,1634.4,1271.2,10.0,363.2
434,20240517,103,5,12,3132.0,2436.0,10.0,696.0
435,20210109,101,1,2,686.8,565.6,15.0,121.2
436,20200130,101,3,1,235.0,164.5,0.0,70.5
437,20220530,102,2,22,7544.9,5559.4,5.0,1985.5
438,20241014,105,4,16,5502.4,4054.4,5.0,1448.0
439,20220518,101,3,19,3149.25,2593.5,15.0,555.75
440,20230831,103,5,5,1335.0,934.5,0.0,400.5
441,20230429,105,4,6,1514.7,1247.4,15.0,267.3
442,20241023,105,3,3,421.2,327.6,10.0,93.6
443,20210216,102,5,6,750.0,525.0,0.0,225.0
444,20200612,105,5,21,4767.0,3336.9,0.0,1430.1
445,20200502,104,2,9,3014.1,2482.2,15.0,531.9
446,20200401,101,3,4,676.4,498.4,5.0,178.0
447,20220525,102,4,11,4286.7,3334.1,10.0,952.6
448,20200919,103,5,7,3143.0,2200.1,0.0,942.9
449,20240724,104,1,6,912.0,638.4,0.0,273.6
450,20200123,103,4,11,2794.0,1955.8,0.0,838.2
451,20210914,105,1,11,2633.4,1940.4,5.0,693.0
452,20221127,105,4,24,3055.2,2251.2,5.0,804.0
453,20220710,103,2,22,8506.3,6267.8,5.0,2238.5
454,20200922,105,5,16,2964.0,2184.0,5.0,780.0
455,20241001,104,3,24,8996.4,7408.8,15.0,1587.6
456,20231007,102,3,21,6802.95,5012.7,5.0,1790.25
457,20211126,104,5,24,4426.8,3645.6,15.0,781.2
458,20200802,104,1,24,6285.6,4888.8,10.0,1396.8
459,20240404,101,1,9,2822.85,2324.7,15.0,498.15
460,20221005,102,4,3,823.5,640.5,10.0,183.0
461,20230827,102,4,22,4532.0,3172.4,0.0,1359.6
462,20230809,101,3,23,4284.9,3332.7,10.0,952.2
463,20220307,104,3,8,2120.0,1484.0,0.0,636.0
464,20231228,101,3,18,6138.0,4296.6,0.0,1841.4
465,20220213,102,1,2,673.2,554.4,15.0,118.8
466,20201111,102,3,15,4692.0,3864.0,15.0,828.0
467,20210205,104,5,19,3536.85,2912.7,15.0,624.15
468,20200527,102,5,3,1093.95,900.9,15.0,193.05
469,20220116,102,1,17,5700.95,4200.7,5.0,1500.25
470,20220323,102,4,3,981.0,686.7,0.0,294.3
471,20200614,102,4,4,1176.0,823.2,0.0,352.8
472,20220508,102,4,12,2172.0,1520.4,0.0,651.6
473,20201013,102,5,20,5560.0,3892.0,0.0,1668.0
474,20230414,105,1,16,4651.2,3427.2,5.0,1224.0
475,20231101,103,3,15,5062.5,3937.5,10.0,1125.0
476,20231002,103,3,2,754.2,586.6,10.0,167.6
477,20230109,102,2,2,640.3,471.8,5.0,168.5
478,20200802,104,1,16,3088.0,2161.6,0.0,926.4
479,20220525,103,3,22,4347.2,3203.2,5.0,1144.0
480,20210208,103,4,15,4207.5,3465.0,15.0,742.5
481,20231111,103,4,24,8322.0,6132.0,5.0,2190.0
482,20241023,102,1,19,6653.8,5479.6,15.0,1174.2
483,20220612,104,5,6,2148.0,1503.6,0.0,644.4
484,20230313,102,2,18,4230.0,2961.0,0.0,1269.0
485,20211217,105,2,7,1499.4,1166.2,10.0,333.2
486,20241108,101,3,18,4309.2,3175.2,5.0,1134.0
487,20230519,101,4,17,2096.1,1630.3,10.0,465.8
488,20240109,102,4,22,2772.0,2156.0,10.0,616.0
489,20210528,105,4,23,8142.0,5699.4,0.0,2442.6
490,20240807,104,3,2,566.1,466.2,15.0,99.9
491,20220308,105,3,7,2632.0,1842.4,0.0,789.6
492,20211119,103,1,13,4784.65,3940.3,15.0,844.35
493,20211031,103,3,19,4360.5,3391.5,10.0,969.0
494,20200814,105,1,24,7282.8,5997.6,15.0,1285.2
495,20210820,102,3,8,1832.0,1282.4,0.0,549.6
496,20240208,104,2,3,1155.0,808.5,0.0,346.5
497,20221209,104,1,22,8861.6,6529.6,5.0,2332.0
498,20241129,105,4,16,3522.4,2900.8,15.0,621.6
499,20240416,102,5,4,1357.2,1055.6,10.0,301.6
500,20240316,104,2,10,1215.5,1001.0,15.0,214.5
501,20230802,105,2,20,7110.0,5530.0,10.0,1580.0
502,20230719,105,5,13,2223.0,1638.0,5.0,585.0
503,20240418,101,2,2,604.2,445.2,5.0,159.0
504,20200424,104,4,15,5724.0,4452.0,10.0,1272.0
505,20200624,101,1,24,7416.0,5191.2,0.0,2224.8
506,20210411,102,1,2,725.8,534.8,5.0,191.0
507,20230430,101,2,22,5956.5,4389.0,5.0,1567.5
508,20200124,104,2,17,4375.8,3403.4,10.0,972.4
509,20230522,102,4,21,3801.0,2660.7,0.0,1140.3
510,20230324,101,2,8,1938.0,1596.0,15.0,342.0
511,20221113,104,5,17,3843.7,2832.2,5.0,1011.5
512,20200620,102,1,9,2830.05,2085.3,5.0,744.75
513,20230601,101,4,1,209.7,163.1,10.0,46.6
514,20220422,104,3,4,1317.6,1024.8,10.0,292.8
515,20231030,102,3,6,741.0,546.0,5.0,195.0
516,20200108,105,5,2,571.2,470.4,15.0,100.8
517,20211016,104,5,14,3969.0,3087.0,10.0,882.0
518,20200827,105,4,16,4334.4,3371.2,10.0,963.2
519,20240306,103,5,18,2616.3,1927.8,5.0,688.5
520,20200305,101,1,22,2811.6,2186.8,10.0,624.8
521,20241207,103,2,14,3784.2,3116.4,15.0,667.8
522,20210831,104,5,8,928.8,722.4,10.0,206.4
523,20240907,105,5,3,710.1,552.3,10.0,157.8
524,20200619,102,1,20,6140.0,4298.0,0.0,1842.0
525,20230928,103,5,23,7800.45,5747.7,5.0,2052.75
526,20201126,102,4,21,3810.45,2807.7,5.0,1002.75
527,20201205,102,2,3,942.3,732.9,10.0,209.4
528,20200709,102,1,5,1032.75,850.5,15.0,182.25
529,20240308,105,2,1,124.45,91.7,5.0,32.75
530,20230826,105,5,7,1993.25,1641.5,15.0,351.75
531,20220802,103,2,17,2293.3,1689.8,5.0,603.5
532,20220226,105,4,24,8445.6,6568.8,10.0,1876.8
533,20240305,102,1,9,3373.65,2778.3,15.0,595.35
534,20200815,105,1,23,4512.6,3509.8,10.0,1002.8
535,20211105,101,2,4,957.6,744.8,10.0,212.8
536,20220120,103,1,14,2016.0,1411.2,0.0,604.8
537,20220822,101,4,14,2300.9,1695.4,5.0,605.5
538,20200507,104,1,23,8673.3,6745.9,10.0,1927.4
539,20200524,103,1,9,2575.8,2003.4,10.0,572.4
540,20230303,105,5,10,2850.0,2100.0,5.0,750.0
541,20220801,102,1,12,3312.0,2318.4,0.0,993.6
542,20200812,102,2,4,522.0,406.0,10.0,116.0
543,20240130,103,1,22,5192.0,3634.4,0.0,1557.6
544,20210311,101,1,2,467.4,344.4,5.0,123.0
545,20240922,102,2,12,3590.4,2956.8,15.0,633.6
546,20230107,102,4,18,5630.4,4636.8,15.0,993.6
547,20220409,104,2,18,4989.6,3880.8,10.0,1108.8
548,20200127,101,5,4,1285.2,1058.4,15.0,226.8
549,20210501,105,2,12,4980.0,3486.0,0.0,1494.0
550,20220813,104,2,22,3781.8,2941.4,10.0,840.4
551,20221203,102,1,15,2520.0,1764.0,0.0,756.0
552,20220215,105,3,24,8856.0,6888.0,10.0,1968.0
553,20231225,104,5,24,3096.0,2167.2,0.0,928.8
554,20230225,101,5,4,887.4,730.8,15.0,156.6
555,20200428,101,2,8,2752.0,1926.4,0.0,825.6
556,20230614,105,4,11,1215.5,1001.0,15.0,214.5
557,20200529,104,2,8,1048.8,772.8,5.0,276.0
558,20211020,102,5,5,1741.5,1354.5,10.0,387.0
559,20210613,104,3,17,5086.4,4188.8,15.0,897.6
560,20210407,105,3,2,570.6,443.8,10.0,126.8
561,20220108,105,5,20,6992.0,5152.0,5.0,1840.0
562,20211105,102,2,21,6573.0,4601.1,0.0,1971.9
563,20210905,105,5,3,805.8,663.6,15.0,142.2
564,20210923,105,3,11,3786.75,3118.5,15.0,668.25
565,20240608,104,4,11,2234.65,1840.3,15.0,394.35
566,20221105,104,4,4,900.0,700.0,10.0,200.0
567,20230704,103,4,22,4246.0,2972.2,0.0,1273.8
568,20231009,101,1,13,4258.8,3312.4,10.0,946.4
569,20210507,103,4,18,3758.4,2923.2,10.0,835.2
570,20201011,102,2,2,708.0,495.6,0.0,212.4
571,20230927,104,5,6,735.3,541.8,5.0,193.5
572,20220508,104,3,17,6211.8,4831.4,10.0,1380.4
573,20210302,105,4,8,3283.2,2419.2,5.0,864.0
574,20221020,103,5,22,9526.0,6668.2,0.0,2857.8
575,20231123,104,2,1,352.45,259.7,5.0,92.75
576,20210816,104,4,2,399.0,294.0,5.0,105.0
577,20220412,104,5,13,4368.0,3057.6,0.0,1310.4
578,20200124,105,2,10,1656.0,1288.0,10.0,368.0
579,20240122,105,1,16,3984.0,2788.8,0.0,1195.2
580,20240820,102,5,14,4242.7,3126.2,5.0,1116.5
581,20210222,103,4,24,7884.0,6132.0,10.0,1752.0
582,20230302,102,3,16,4073.6,3001.6,5.0,1072.0
583,20221114,102,1,1,293.25,241.5,15.0,51.75
584,20240601,105,3,18,3534.3,2910.6,15.0,623.7
585,20210919,103,3,15,5967.0,4641.0,10.0,1326.0
586,20231114,103,4,18,3790.8,2948.4,10.0,842.4
587,20240222,105,1,16,6079.2,5006.4,15.0,1072.8
588,20201118,104,3,18,2172.6,1789.2,15.0,383.4
589,20231213,105,3,12,2527.2,1965.6,10.0,561.6
590,20200811,105,3,5,648.0,504.0,10.0,144.0
591,20210525,103,5,14,5657.4,4400.2,10.0,1257.2
592,20241130,105,1,21,6407.1,4983.3,10.0,1423.8
593,20241225,103,3,11,1187.45,977.9,15.0,209.55
594,20210722,104,5,22,4613.4,3588.2,10.0,1025.2
595,20230414,102,3,23,4554.0,3187.8,0.0,1366.2
596,20240831,105,2,16,4996.8,3886.4,10.0,1110.4
597,20230428,101,4,11,1386.0,1078.0,10.0,308.0
598,20240215,105,1,22,5434.0,4004.0,5.0,1430.0
599,20220816,101,3,1,379.1,312.2,15.0,66.9
600,20230707,104,1,1,255.85,210.7,15.0,45.15
601,20210328,101,2,1,391.5,304.5,10.0,87.0
602,20220131,102,1,12,3736.8,2906.4,10.0,830.4
603,20200414,101,5,10,2941.0,2422.0,15.0,519.0
604,20200716,104,4,10,3850.0,2695.0,0.0,1155.0
605,20240923,102,5,9,3114.0,2179.8,0.0,934.2
606,20230913,105,5,8,2400.4,1976.8,15.0,423.6
607,20240327,105,2,9,1795.5,1323.0,5.0,472.5
608,20200223,104,1,13,3186.3,2347.8,5.0,838.5
609,20220723,104,2,14,5096.0,3567.2,0.0,1528.8
610,20210423,102,5,3,1242.0,869.4,0.0,372.6
611,20211008,104,5,16,3124.8,2430.4,10.0,694.4
612,20241112,104,2,24,4426.8,3645.6,15.0,781.2
613,20220216,102,1,4,532.8,414.4,10.0,118.4
614,20211125,101,4,15,4630.5,3601.5,10.0,1029.0
615,20241217,105,3,7,2233.0,1563.1,0.0,669.9
616,20240411,103,5,4,824.0,576.8,0.0,247.2
617,20240927,105,1,17,3366.0,2618.0,10.0,748.0
618,20220504,102,4,7,1896.3,1474.9,10.0,421.4
619,20221229,104,4,12,4309.2,3175.2,5.0,1134.0
620,20201221,104,4,4,799.0,658.0,15.0,141.0
621,20221102,101,4,18,2916.0,2268.0,10.0,648.0
622,20230722,101,3,17,4618.9,3403.4,5.0,1215.5
623,20211005,105,2,9,3396.6,2797.2,15.0,599.4
624,20210407,105,2,23,2753.1,2141.3,10.0,611.8
625,20230411,104,4,12,4345.2,3578.4,15.0,766.8
626,20210606,103,4,7,938.0,656.6,0.0,281.4
627,20240831,102,4,20,7123.0,5866.0,15.0,1257.0
628,20200930,104,3,1,158.1,130.2,15.0,27.9
629,20220615,102,3,12,1713.6,1411.2,15.0,302.4
630,20200516,103,1,7,2989.0,2092.3,0.0,896.7
631,20211216,101,2,23,8738.85,7196.7,15.0,1542.15
632,20211104,101,2,9,1231.2,957.6,10.0,273.6
633,20220824,102,1,19,4620.8,3404.8,5.0,1216.0
634,20220724,103,4,13,1860.3,1446.9,10.0,413.4
635,20220410,102,4,21,5821.2,4527.6,10.0,1293.6
636,20211214,104,1,10,1216.0,896.0,5.0,320.0
637,20240618,102,1,1,243.0,170.1,0.0,72.9
638,20220413,105,3,21,7140.0,4998.0,0.0,2142.0
639,20220926,103,3,16,2872.8,2116.8,5.0,756.0
640,20210319,101,5,14,3969.0,3087.0,10.0,882.0
641,20230527,105,5,11,1727.0,1208.9,0.0,518.1
642,20220124,105,2,12,3531.6,2746.8,10.0,784.8
643,20211015,102,2,5,634.5,493.5,10.0,141.0
644,20240813,101,5,20,4047.0,2982.0,5.0,1065.0
645,20230226,101,2,23,4719.6,3477.6,5.0,1242.0
646,20201128,102,5,17,2310.3,1796.9,10.0,513.4
647,20221109,102,4,8,2530.8,1864.8,5.0,666.0
648,20240606,102,1,14,4029.9,2969.4,5.0,1060.5
649,20230406,103,1,13,3369.6,2620.8,10.0,748.8
650,20230401,102,1,18,2279.7,1877.4,15.0,402.3
651,20230924,104,3,20,6220.0,4354.0,0.0,1866.0
652,20220212,101,4,12,3480.0,2436.0,0.0,1044.0
653,20211007,105,3,18,6121.8,4510.8,5.0,1611.0
654,20200915,103,4,3,723.0,506.1,0.0,216.9
655,20200304,101,1,10,3160.0,2212.0,0.0,948.0
656,20221114,101,2,1,423.7,312.2,5.0,111.5
657,20241008,105,4,3,851.7,701.4,15.0,150.3
658,20200703,102,2,18,7884.0,5518.8,0.0,2365.2
659,20201024,101,5,24,3283.2,2419.2,5.0,864.0
660,20230403,101,2,12,2080.8,1713.6,15.0,367.2
661,20200327,104,1,22,7106.0,4974.2,0.0,2131.8
662,20240413,101,4,2,527.4,410.2,10.0,117.2
663,20200229,105,3,2,328.7,242.2,5.0,86.5
664,20210307,104,3,23,7057.55,5200.3,5.0,1857.25
665,20220711,105,2,19,2337.0,1635.9,0.0,701.1
666,20240524,101,2,14,3883.6,2861.6,5.0,1022.0
667,20220201,104,1,1,263.0,184.1,0.0,78.9
668,20220407,101,2,21,8337.0,5835.9,0.0,2501.1
669,20230625,102,4,15,2625.0,1837.5,0.0,787.5
670,20200510,101,4,2,316.2,260.4,15.0,55.8
671,20200318,105,2,10,1368.5,1127.0,15.0,241.5
672,20220421,103,5,19,5890.0,4123.0,0.0,1767.0
673,20230317,103,2,22,9196.0,6776.0,5.0,2420.0
674,20230510,103,1,22,4226.2,3480.4,15.0,745.8
675,20201013,101,4,16,5040.0,3920.0,10.0,1120.0
676,20210417,105,1,2,657.4,484.4,5.0,173.0
677,20240420,105,5,18,6669.0,4914.0,5.0,1755.0
678,20241104,105,3,23,6768.9,5264.7,10.0,1504.2
679,20221126,103,5,14,1736.0,1215.2,0.0,520.8
680,20201112,104,1,3,469.8,365.4,10.0,104.4
681,20241201,104,2,13,3653.0,2557.1,0.0,1095.9
682,20211204,103,4,10,1300.5,1071.0,15.0,229.5
683,20230427,101,4,23,3303.95,2720.9,15.0,583.05
684,20211010,105,1,11,2970.0,2079.0,0.0,891.0
685,20241007,105,1,24,7711.2,5997.6,10.0,1713.6
686,20220530,102,2,6,2416.8,1780.8,5.0,636.0
687,20220615,102,5,3,851.7,701.4,15.0,150.3
688,20201227,102,1,11,2328.15,1917.3,15.0,410.85
689,20231021,101,4,20,6948.0,5404.0,10.0,1544.0
690,20200929,102,1,4,656.2,540.4,15.0,115.8
691,20200612,103,2,18,3625.2,2671.2,5.0,954.0
692,20200416,104,4,6,2160.3,1591.8,5.0,568.5
693,20220727,101,1,3,1171.35,863.1,5.0,308.25
694,20201122,102,2,22,7189.6,5297.6,5.0,1892.0
695,20200723,103,4,3,1077.3,793.8,5.0,283.5
696,20200619,104,1,18,3967.2,2923.2,5.0,1044.0
697,20241024,104,4,6,2403.0,1869.0,10.0,534.0
698,20240229,102,5,5,1735.0,1214.5,0.0,520.5
699,20200823,105,5,22,9306.0,6514.2,0.0,2791.8
700,20211007,105,3,22,3216.4,2648.8,15.0,567.6
701,20200302,104,2,24,3504.0,2452.8,0.0,1051.2
702,20201019,101,2,7,2779.7,2048.2,5.0,731.5
703,20200507,101,1,3,887.4,730.8,15.0,156.6
704,20220123,103,4,13,3835.0,2684.5,0.0,1150.5
705,20200121,103,2,15,1950.0,1365.0,0.0,585.0
706,20211112,104,3,24,3397.2,2503.2,5.0,894.0
707,20220418,105,1,16,4474.4,3684.8,15.0,789.6
708,20241024,104,4,23,5819.0,4073.3,0.0,1745.7
709,20221028,102,3,20,7940.0,5558.0,0.0,2382.0
710,20210426,102,2,6,1981.8,1541.4,10.0,440.4
711,20230521,102,4,24,9590.4,7459.2,10.0,2131.2
712,20201024,105,5,19,4796.55,3950.1,15.0,846.45
713,20240519,103,2,21,2733.15,2013.9,5.0,719.25
714,20200312,105,2,7,1732.5,1347.5,10.0,385.0
715,20210725,102,5,20,7200.0,5600.0,10.0,1600.0
716,20200506,104,5,12,3324.0,2326.8,0.0,997.2
717,20201117,101,5,2,640.3,471.8,5.0,168.5
718,20200923,103,5,11,3135.0,2310.0,5.0,825.0
719,20210613,104,5,6,815.4,634.2,10.0,181.2
720,20210725,104,4,5,2020.0,1414.0,0.0,606.0
721,20210313,102,3,15,5454.0,4242.0,10.0,1212.0
722,20220726,103,3,9,2240.1,1650.6,5.0,589.5
723,20230209,101,3,6,1282.5,945.0,5.0,337.5
724,20211011,102,5,19,5396.95,3976.7,5.0,1420.25
725,20220122,102,4,10,3612.5,2975.0,15.0,637.5
726,20220624,105,3,9,2727.0,1908.9,0.0,818.1
727,20210906,105,3,20,5700.0,4200.0,5.0,1500.0
728,20230113,102,4,19,5591.7,4349.1,10.0,1242.6
729,20240512,103,3,1,133.0,93.1,0.0,39.9
730,20240325,101,4,14,5355.0,4165.0,10.0,1190.0
731,20201019,104,5,1,303.3,235.9,10.0,67.4
732,20231014,101,5,3,666.9,491.4,5.0,175.5
733,20220907,103,3,2,358.7,295.4,15.0,63.3
734,20231206,102,3,16,3326.4,2587.2,10.0,739.2
735,20241002,104,3,18,5653.8,4397.4,10.0,1256.4
736,20240304,103,1,12,3957.6,3259.2,15.0,698.4
737,20230719,101,4,12,4719.6,3670.8,10.0,1048.8
738,20230403,101,1,8,3536.0,2475.2,0.0,1060.8
739,20240314,103,1,20,8600.0,6020.0,0.0,2580.0
740,20221212,103,1,9,3180.6,2343.6,5.0,837.0
741,20210707,105,2,3,510.0,357.0,0.0,153.0
742,20200203,105,3,12,2484.0,1738.8,0.0,745.2
743,20210602,105,4,6,1668.0,1167.6,0.0,500.4
744,20240906,105,2,20,2898.0,2254.0,10.0,644.0
745,20221212,102,4,21,3515.4,2734.2,10.0,781.2
746,20221028,104,5,15,5685.0,3979.5,0.0,1705.5
747,20200316,103,1,11,3148.2,2448.6,10.0,699.6
748,20221210,104,1,2,409.7,337.4,15.0,72.3
749,20220510,103,1,21,6161.4,4792.2,10.0,1369.2
750,20240424,105,5,7,2066.4,1607.2,10.0,459.2
751,20220526,105,2,13,1963.65,1446.9,5.0,516.75
752,20241112,104,2,24,5905.2,4351.2,5.0,1554.0
753,20221217,102,1,10,3790.0,2653.0,0.0,1137.0
754,20241010,102,4,8,1863.2,1534.4,15.0,328.8
755,20240620,101,4,4,1026.0,756.0,5.0,270.0
756,20211212,105,2,10,2150.5,1771.0,15.0,379.5
757,20200523,101,3,7,1121.4,872.2,10.0,249.2
758,20230306,101,4,14,3206.0,2244.2,0.0,961.8
759,20200512,105,3,3,323.85,266.7,15.0,57.15
760,20230329,104,5,13,2630.55,1938.3,5.0,692.25
761,20240920,103,1,3,1239.75,913.5,5.0,326.25
762,20230415,104,2,9,2333.25,1921.5,15.0,411.75
763,20210617,101,3,24,10440.0,7308.0,0.0,3132.0
764,20210518,103,3,9,2277.0,1593.9,0.0,683.1
765,20200428,104,3,17,4804.2,3736.6,10.0,1067.6
766,20240625,105,1,1,184.5,143.5,10.0,41.0
767,20240505,104,1,8,1672.0,1170.4,0.0,501.6
768,20200328,105,4,16,4579.2,3561.6,10.0,1017.6
769,20211010,105,4,16,6640.0,4648.0,0.0,1992.0
770,20231110,102,5,1,332.35,273.7,15.0,58.65
771,20210428,101,3,12,4218.0,3108.0,5.0,1110.0
772,20220408,104,1,5,603.5,497.0,15.0,106.5
773,20230926,103,2,17,3165.4,2332.4,5.0,833.0
774,20240310,103,4,24,6361.2,4687.2,5.0,1674.0
775,20200421,102,4,16,5457.6,4244.8,10.0,1212.8
776,20210526,102,3,5,549.0,427.0,10.0,122.0
777,20220825,105,3,13,2741.7,2020.2,5.0,721.5
778,20240101,101,5,23,2971.6,2189.6,5.0,782.0
779,20210701,104,3,22,3114.1,2294.6,5.0,819.5
780,20210901,104,3,8,2758.8,2032.8,5.0,726.0
781,20230830,102,1,13,5109.0,3576.3,0.0,1532.7
782,20210116,103,1,17,1849.6,1523.2,15.0,326.4
783,20201001,104,3,10,1190.0,980.0,15.0,210.0
784,20230907,104,3,23,2484.0,1932.0,10.0,552.0
785,20201208,101,3,10,3861.0,3003.0,10.0,858.0
786,20220916,101,3,10,3068.5,2261.0,5.0,807.5
787,20220417,101,3,1,161.1,125.3,10.0,35.8
788,20241118,104,2,3,1058.25,871.5,15.0,186.75
789,20240905,101,2,24,2835.6,2335.2,15.0,500.4
790,20220225,105,5,13,3884.4,3021.2,10.0,863.2
791,20230612,104,5,22,3643.2,2833.6,10.0,809.6
792,20200711,105,5,5,1201.5,934.5,10.0,267.0
793,20200830,103,1,19,2436.75,1795.5,5.0,641.25
794,20231207,104,3,20,6936.0,5712.0,15.0,1224.0
795,20221101,101,1,18,4179.6,3250.8,10.0,928.8
796,20240912,104,3,18,6349.5,5229.0,15.0,1120.5
797,20241004,101,4,18,5027.4,3704.4,5.0,1323.0
798,20230212,101,5,5,935.0,770.0,15.0,165.0
799,20200315,104,2,12,1922.4,1495.2,10.0,427.2
800,20241209,105,3,4,1326.0,1092.0,15.0,234.0
801,20220517,103,5,23,4260.75,3139.5,5.0,1121.25
802,20200905,101,2,12,1404.0,1092.0,10.0,312.0
803,20200108,103,1,17,3916.8,3046.4,10.0,870.4
804,20220302,101,4,10,2259.0,1757.0,10.0,502.0
805,20210925,105,2,10,2710.0,1897.0,0.0,813.0
806,20240720,105,4,8,1760.0,1232.0,0.0,528.0
807,20240316,103,2,17,3427.2,2665.6,10.0,761.6
808,20230509,101,4,13,1900.6,1565.2,15.0,335.4
809,20200924,103,4,16,3096.0,2408.0,10.0,688.0
810,20230611,102,1,3,498.75,367.5,5.0,131.25
811,20210121,101,3,7,2407.3,1773.8,5.0,633.5
812,20230531,103,4,11,3562.35,2933.7,15.0,628.65
813,20230221,105,1,17,2249.1,1749.3,10.0,499.8
814,20220505,101,4,23,3795.0,2656.5,0.0,1138.5
815,20201109,103,5,14,1694.0,1185.8,0.0,508.2
816,20230523,105,3,15,5643.0,4389.0,10.0,1254.0
817,20221208,104,5,18,6242.4,5140.8,15.0,1101.6
818,20200205,104,4,22,2580.6,2125.2,15.0,455.4
819,20211031,101,3,20,7201.0,5306.0,5.0,1895.0
820,20200611,102,1,10,2592.0,2016.0,10.0,576.0
821,20211210,103,5,6,2302.8,1696.8,5.0,606.0
822,20240105,105,3,15,2728.5,2247.0,15.0,481.5
823,20240911,102,3,3,731.7,569.1,10.0,162.6
824,20231117,104,3,2,440.8,324.8,5.0,116.0
825,20230219,102,3,16,4576.0,3203.2,0.0,1372.8
826,20241111,104,1,13,4309.5,3549.0,15.0,760.5
827,20200628,101,2,24,3570.0,2940.0,15.0,630.0
828,20230501,105,4,22,6908.0,4835.6,0.0,2072.4
829,20201009,104,4,23,7659.0,5361.3,0.0,2297.7
830,20210909,102,1,4,1184.4,921.2,10.0,263.2
831,20220628,102,2,17,4845.0,3570.0,5.0,1275.0
832,20230930,101,1,13,5019.3,3903.9,10.0,1115.4
833,20241003,103,3,2,458.0,320.6,0.0,137.4
834,20221026,103,2,20,6000.0,4200.0,0.0,1800.0
835,20230427,105,3,9,2187.0,1701.0,10.0,486.0
836,20201210,105,3,16,6288.0,4401.6,0.0,1886.4
837,20241112,101,4,2,386.0,270.2,0.0,115.8
838,20230504,103,3,3,591.6,487.2,15.0,104.4
839,20200203,104,5,18,4131.0,3402.0,15.0,729.0
840,20200413,103,2,7,1652.0,1156.4,0.0,495.6
841,20200528,102,2,1,123.5,91.0,5.0,32.5
842,20220407,102,2,8,1217.2,1002.4,15.0,214.8
843,20220503,103,4,22,4368.1,3218.6,5.0,1149.5
844,20210223,104,2,6,664.2,516.6,10.0,147.6
845,20241106,104,4,18,2889.9,2129.4,5.0,760.5
846,20221129,102,4,21,6743.1,4968.6,5.0,1774.5
847,20220214,104,3,12,3852.0,2696.4,0.0,1155.6
848,20210915,105,3,2,765.0,595.0,10.0,170.0
849,20210821,102,2,6,1846.8,1360.8,5.0,486.0
850,20230622,103,4,19,3294.6,2713.2,15.0,581.4
851,20240328,103,3,23,3995.1,3107.3,10.0,887.8
852,20211127,103,2,16,5372.0,4424.0,15.0,948.0
853,20231204,102,4,7,1403.15,1033.9,5.0,369.25
854,20220912,101,3,15,3391.5,2499.0,5.0,892.5
855,20200514,101,2,10,2954.5,2177.0,5.0,777.5
856,20241125,102,4,2,872.0,610.4,0.0,261.6
857,20230406,104,4,1,243.0,170.1,0.0,72.9
858,20240130,105,1,7,1775.55,1308.3,5.0,467.25
859,20241116,103,1,20,7780.0,5446.0,0.0,2334.0
860,20230119,105,5,13,3100.5,2411.5,10.0,689.0
861,20210107,105,3,15,4605.0,3223.5,0.0,1381.5
862,20220118,102,1,24,3442.8,2536.8,5.0,906.0
863,20200929,101,5,7,1303.05,1073.1,15.0,229.95
864,20210526,103,2,14,4617.2,3802.4,15.0,814.8
865,20200909,103,1,8,2794.8,2301.6,15.0,493.2
866,20210509,103,4,16,5716.8,4446.4,10.0,1270.4
867,20200518,104,1,11,4039.2,3141.6,10.0,897.6
868,20210427,103,2,20,6764.0,4984.0,5.0,1780.0
869,20240112,104,2,17,2384.25,1963.5,15.0,420.75
870,20241207,101,4,8,2211.6,1629.6,5.0,582.0
871,20200110,103,5,11,2413.95,1778.7,5.0,635.25
872,20201228,105,4,12,4406.4,3628.8,15.0,777.6
873,20201201,103,3,4,472.6,389.2,15.0,83.4
874,20200919,104,1,19,6258.6,4867.8,10.0,1390.8
875,20200420,104,4,24,8996.4,7408.8,15.0,1587.6
876,20220703,105,4,23,8849.25,6520.5,5.0,2328.75
877,20230302,101,5,9,3753.0,2627.1,0.0,1125.9
878,20240713,104,3,17,2126.7,1654.1,10.0,472.6
879,20210617,104,4,10,1734.0,1428.0,15.0,306.0
880,20230915,105,5,13,4586.4,3567.2,10.0,1019.2
881,20200317,105,1,8,921.6,716.8,10.0,204.8
882,20220323,105,5,24,4104.0,3024.0,5.0,1080.0
883,20230813,103,3,18,5831.1,4296.6,5.0,1534.5
884,20220223,101,2,7,2163.0,1514.1,0.0,648.9
885,20200612,105,5,14,1549.8,1205.4,10.0,344.4
886,20240902,103,4,3,415.65,342.3,15.0,73.35
887,20200301,101,3,11,3647.05,2687.3,5.0,959.75
888,20211116,101,5,14,2431.8,1891.4,10.0,540.4
889,20240728,102,1,15,5751.0,4473.0,10.0,1278.0
890,20221202,105,1,4,1400.4,1089.2,10.0,311.2
891,20221108,101,5,16,3808.0,2665.6,0.0,1142.4
892,20211123,105,5,5,1805.0,1263.5,0.0,541.5
893,20211116,103,2,9,2257.2,1663.2,5.0,594.0
894,20240812,104,3,4,1396.8,1086.4,10.0,310.4
895,20200720,103,3,4,1212.2,893.2,5.0,319.0
896,20220210,105,1,23,2873.85,2366.7,15.0,507.15
897,20221115,103,5,17,3638.0,2546.6,0.0,1091.4
898,20200606,104,1,10,1827.0,1421.0,10.0,406.0
899,20240623,104,2,3,360.0,252.0,0.0,108.0
900,20220804,104,3,11,2613.6,2032.8,10.0,580.8
901,20210818,102,1,19,2793.0,1955.1,0.0,837.9
902,20240407,104,1,3,949.05,699.3,5.0,249.75
903,20211109,101,2,2,707.4,550.2,10.0,157.2
904,20220412,105,5,8,2543.2,2094.4,15.0,448.8
905,20230113,104,5,24,5724.0,4452.0,10.0,1272.0
906,20230821,104,4,23,8191.45,6745.9,15.0,1445.55
907,20220720,101,1,11,3036.0,2125.2,0.0,910.8
908,20220313,105,2,14,6020.0,4214.0,0.0,1806.0
909,20230830,101,3,19,4909.6,4043.2,15.0,866.4
910,20220727,104,4,5,1079.5,889.0,15.0,190.5
911,20240704,102,4,8,1664.4,1226.4,5.0,438.0
912,20220312,102,1,7,2017.05,1661.1,15.0,355.95
913,20230131,104,5,15,2956.5,2299.5,10.0,657.0
914,20240125,101,2,22,5815.7,4789.4,15.0,1026.3
915,20230205,105,3,4,1490.4,1159.2,10.0,331.2
916,20241210,104,1,1,343.0,240.1,0.0,102.9
917,20210426,104,3,8,1251.2,1030.4,15.0,220.8
918,20230928,105,1,22,5086.4,4188.8,15.0,897.6
919,20221019,104,3,16,1991.2,1467.2,5.0,524.0
920,20240120,102,2,10,1444.0,1064.0,5.0,380.0
921,20240404,105,1,11,1991.55,1640.1,15.0,351.45
922,20220821,102,2,7,2112.25,1739.5,15.0,372.75
923,20211007,101,4,2,560.0,392.0,0.0,168.0
924,20200823,104,5,20,7398.0,5754.0,10.0,1644.0
925,20220522,104,2,8,2888.0,2021.6,0.0,866.4
926,20240501,105,2,22,3385.8,2633.4,10.0,752.4
927,20241019,101,2,10,1890.5,1393.0,5.0,497.5
928,20200626,104,1,12,4356.0,3049.2,0.0,1306.8
929,20200814,103,5,20,3340.0,2338.0,0.0,1002.0
930,20240820,102,4,7,2773.05,2043.3,5.0,729.75
931,20210707,103,5,19,2869.0,2008.3,0.0,860.7
932,20220430,101,1,16,6292.8,4894.4,10.0,1398.4
933,20240307,101,5,12,3032.4,2234.4,5.0,798.0
934,20200901,104,4,6,930.0,651.0,0.0,279.0
935,20230117,105,4,12,3420.0,2394.0,0.0,1026.0
936,20230429,103,2,6,1111.5,819.0,5.0,292.5
937,20200726,104,3,15,1887.0,1554.0,15.0,333.0
938,20231217,104,1,8,1088.0,896.0,15.0,192.0
939,20240510,104,1,3,356.4,277.2,10.0,79.2
940,20220524,102,2,4,884.0,728.0,15.0,156.0
941,20231111,104,1,5,1093.5,850.5,10.0,243.0
942,20240331,105,5,21,6336.75,5218.5,15.0,1118.25
943,20200907,101,2,23,3933.0,3059.0,10.0,874.0
944,20230923,102,4,9,2484.0,1738.8,0.0,745.2
945,20220526,103,5,20,3660.0,2562.0,0.0,1098.0
946,20200413,105,1,14,2129.4,1656.2,10.0,473.2
947,20230711,101,1,4,588.2,484.4,15.0,103.8
948,20210522,105,4,19,7472.7,5812.1,10.0,1660.6
949,20211225,102,3,15,6255.75,4609.5,5.0,1646.25
950,20210302,101,1,7,1946.0,1362.2,0.0,583.8
951,20201213,105,2,1,300.2,221.2,5.0,79.0
952,20211211,104,2,7,2312.1,1798.3,10.0,513.8
953,20241121,103,5,3,619.65,510.3,15.0,109.35
954,20200409,101,3,24,5608.8,4132.8,5.0,1476.0
955,20220315,102,1,5,1161.0,903.0,10.0,258.0
956,20201119,105,1,22,7227.0,5621.0,10.0,1606.0
957,20221226,105,4,19,7079.4,5506.2,10.0,1573.2
958,20241018,104,2,22,6520.8,4804.8,5.0,1716.0
959,20220127,105,4,7,2367.4,1744.4,5.0,623.0
960,20200422,104,1,1,317.9,261.8,15.0,56.1
961,20210509,104,1,13,2199.6,1710.8,10.0,488.8
962,20220928,104,2,22,3571.7,2941.4,15.0,630.3
963,20220518,104,4,18,3060.0,2142.0,0.0,918.0
964,20221019,102,5,16,5563.2,4099.2,5.0,1464.0
965,20210718,101,5,7,2081.45,1533.7,5.0,547.75
966,20221026,104,4,12,2692.8,2217.6,15.0,475.2
967,20230305,102,3,23,6040.95,4974.9,15.0,1066.05
968,20201227,101,5,14,5120.5,3773.0,5.0,1347.5
969,20231123,101,1,24,9223.2,7173.6,10.0,2049.6
970,20210902,101,5,11,4290.0,3003.0,0.0,1287.0
971,20230616,104,2,22,4347.2,3203.2,5.0,1144.0
972,20211111,101,3,15,2460.0,1722.0,0.0,738.0
973,20200107,101,4,21,8589.0,6012.3,0.0,2576.7
974,20220804,103,2,7,1842.05,1357.3,5.0,484.75
975,20240315,105,4,1,156.75,115.5,5.0,41.25
976,20240913,105,5,2,425.6,313.6,5.0,112.0
977,20210301,102,4,6,2034.9,1675.8,15.0,359.1
978,20240712,105,5,4,595.0,490.0,15.0,105.0
979,20211203,105,3,9,3572.1,2778.3,10.0,793.8
980,20210626,105,2,13,1924.0,1346.8,0.0,577.2
981,20210903,101,4,11,3455.1,2687.3,10.0,767.8
982,20221224,104,4,5,1692.0,1316.0,10.0,376.0
983,20210806,101,5,4,459.8,338.8,5.0,121.0
984,20220315,101,4,16,5088.0,3561.6,0.0,1526.4
985,20230427,105,5,22,8134.5,6699.0,15.0,1435.5
986,20200205,102,5,11,1299.65,1070.3,15.0,229.35
987,20210807,102,2,11,1277.1,993.3,10.0,283.8
988,20210505,105,1,6,1989.0,1638.0,15.0,351.0
989,20210304,102,3,1,232.9,191.8,15.0,41.1
990,20200402,103,2,11,3730.65,3072.3,15.0,658.35
991,20210130,103,3,20,6140.0,4298.0,0.0,1842.0
992,20200423,105,2,17,3699.2,3046.4,15.0,652.8
993,20240813,104,1,13,4446.0,3458.0,10.0,988.0
994,20241115,103,4,11,3450.15,2841.3,15.0,608.85
995,20221017,101,1,22,3328.6,2741.2,15.0,587.4
996,20220623,104,3,22,4581.5,3773.0,15.0,808.5
997,20221211,103,2,18,4482.0,3137.4,0.0,1344.6
998,20240816,104,3,15,4411.5,3633.0,15.0,778.5
999,20200601,102,4,6,2040.0,1680.0,15.0,360.0
1000,20210421,102,1,16,5624.0,4144.0,5.0,1480.0
1001,20240622,105,4,1,231.2,190.4,15.0,40.8
1002,20240430,103,4,21,7532.7,6203.4,15.0,1329.3
1003,20210611,104,2,17,3135.65,2582.3,15.0,553.35
1004,20210502,104,3,17,4675.0,3272.5,0.0,1402.5
1005,20210630,104,3,14,3248.7,2675.4,15.0,573.3
1006,20241115,105,2,2,864.0,604.8,0.0,259.2
1007,20221006,103,2,22,8692.2,6760.6,10.0,1931.6
1008,20241226,105,3,10,4170.0,2919.0,0.0,1251.0
1009,20230517,101,4,20,4338.0,3374.0,10.0,964.0
1010,20200104,105,2,11,3682.8,2864.4,10.0,818.4
1011,20240905,104,1,16,4080.0,3360.0,15.0,720.0
1012,20200714,103,5,23,8150.05,6005.3,5.0,2144.75
1013,20230524,104,5,14,2356.2,1940.4,15.0,415.8
1014,20201001,102,4,17,5797.85,4272.1,5.0,1525.75
1015,20220209,102,5,24,7911.6,5829.6,5.0,2082.0
1016,20210224,103,1,17,3553.0,2618.0,5.0,935.0
1017,20200613,105,1,2,433.8,337.4,10.0,96.4
1018,20241228,101,2,12,2485.2,1831.2,5.0,654.0
1019,20241011,105,2,16,7152.0,5006.4,0.0,2145.6
1020,20210811,105,3,5,913.75,752.5,15.0,161.25
1021,20241203,102,3,8,1130.4,879.2,10.0,251.2
1022,20200716,101,2,8,2454.8,2021.6,15.0,433.2
1023,20240308,105,3,23,2697.9,2221.8,15.0,476.1
1024,20240928,102,3,1,225.0,157.5,0.0,67.5
1025,20230803,102,4,21,5506.2,4057.2,5.0,1449.0
1026,20220401,105,2,9,3280.5,2551.5,10.0,729.0
1027,20221201,103,4,22,2930.4,2279.2,10.0,651.2
1028,20220201,102,1,16,3921.6,2889.6,5.0,1032.0
1029,20231113,102,3,23,3577.65,2946.3,15.0,631.35
1030,20220607,103,4,24,3304.8,2570.4,10.0,734.4
1031,20200103,101,3,4,914.4,711.2,10.0,203.2
1032,20220418,102,5,6,1869.6,1377.6,5.0,492.0
1033,20200901,105,1,15,3761.25,3097.5,15.0,663.75
1034,20220616,101,3,15,3180.0,2226.0,0.0,954.0
1035,20210109,103,1,14,2713.2,2234.4,15.0,478.8
1036,20210414,101,1,11,3584.35,2641.1,5.0,943.25
1037,20211229,105,1,17,6655.5,5176.5,10.0,1479.0
1038,20211213,103,1,16,5680.0,3976.0,0.0,1704.0
1039,20200803,103,4,15,5872.5,4567.5,10.0,1305.0
1040,20221111,105,5,10,2277.0,1771.0,10.0,506.0
1041,20240112,105,1,12,1561.8,1150.8,5.0,411.0
1042,20211114,103,1,1,368.05,303.1,15.0,64.95
1043,20200607,104,5,17,2346.0,1642.2,0.0,703.8
1044,20210317,105,1,10,2470.0,1820.0,5.0,650.0
1045,20230606,104,1,23,5106.0,3574.2,0.0,1531.8
1046,20241126,101,3,18,2371.5,1953.0,15.0,418.5
1047,20240221,102,1,19,5035.0,3524.5,0.0,1510.5
1048,20200327,101,2,8,3306.0,2436.0,5.0,870.0
1049,20220913,101,5,19,6327.0,4428.9,0.0,1898.1
1050,20200626,105,4,2,516.6,401.8,10.0,114.8
1051,20221126,104,3,12,5244.0,3670.8,0.0,1573.2
1052,20240217,105,2,17,5859.9,4557.7,10.0,1302.2
1053,20220609,101,2,12,1382.4,1075.2,10.0,307.2
1054,20220301,102,1,19,5507.15,4535.3,15.0,971.85
1055,20210326,104,4,1,297.35,219.1,5.0,78.25
1056,20200914,104,5,2,712.5,525.0,5.0,187.5
1057,20200922,101,5,11,4660.7,3434.2,5.0,1226.5
1058,20210220,103,1,18,4572.0,3200.4,0.0,1371.6
1059,20220111,102,5,13,4569.5,3367.0,5.0,1202.5
1060,20200704,105,1,7,1285.2,999.6,10.0,285.6
1061,20220618,102,1,19,5613.55,4136.3,5.0,1477.25
1062,20211013,103,5,9,1563.3,1215.9,10.0,347.4
1063,20210820,103,4,14,3737.3,2753.8,5.0,983.5
1064,20210513,103,4,11,3169.65,2610.3,15.0,559.35
1065,20231228,104,1,12,3326.4,2587.2,10.0,739.2
1066,20210617,102,2,19,3501.7,2580.2,5.0,921.5
1067,20240401,104,4,21,6265.35,5159.7,15.0,1105.65
1068,20200913,103,4,11,3801.6,2956.8,10.0,844.8
1069,20240229,101,1,21,2516.85,2072.7,15.0,444.15
1070,20200103,101,1,1,332.5,245.0,5.0,87.5
1071,20211226,102,5,7,1295.0,906.5,0.0,388.5
1072,20220410,105,5,14,2702.0,1891.4,0.0,810.6
1073,20201231,103,4,14,3122.0,2185.4,0.0,936.6
1074,20240312,102,5,8,2488.0,1741.6,0.0,746.4
1075,20221108,101,4,16,3563.2,2934.4,15.0,628.8
1076,20240505,101,4,1,149.6,123.2,15.0,26.4
1077,20240903,102,2,6,1271.1,936.6,5.0,334.5
1078,20210913,103,3,20,2380.0,1960.0,15.0,420.0
1079,20230612,102,5,16,3264.0,2688.0,15.0,576.0
1080,20220911,103,4,17,5620.2,4141.2,5.0,1479.0
1081,20231229,101,1,15,3106.5,2289.0,5.0,817.5
1082,20230506,104,4,8,2698.0,1988.0,5.0,710.0
1083,20200331,103,5,12,3931.2,3057.6,10.0,873.6
1084,20221224,105,3,5,1585.0,1109.5,0.0,475.5
1085,20220515,104,5,1,422.0,295.4,0.0,126.6
1086,20240704,101,4,7,1178.1,916.3,10.0,261.8
1087,20220903,101,2,7,2828.0,1979.6,0.0,848.4
1088,20200603,103,1,20,5219.0,4298.0,15.0,921.0
1089,20200110,103,5,10,1814.5,1337.0,5.0,477.5
1090,20210815,103,2,11,3740.0,3080.0,15.0,660.0
1091,20241029,105,3,8,1965.6,1528.8,10.0,436.8
1092,20241009,104,3,1,117.3,96.6,15.0,20.7
1093,20240229,105,4,9,3437.1,2532.6,5.0,904.5
1094,20210425,102,4,19,5006.5,4123.0,15.0,883.5
1095,20200805,101,5,17,5542.0,3879.4,0.0,1662.6
1096,20221013,105,2,11,2959.0,2071.3,0.0,887.7
1097,20231219,103,5,22,4170.1,3434.2,15.0,735.9
1098,20211116,101,1,21,4536.0,3175.2,0.0,1360.8
1099,20240613,105,3,1,256.0,179.2,0.0,76.8
1100,20240714,102,2,22,6692.4,5205.2,10.0,1487.2
1101,20211215,101,5,10,1980.0,1386.0,0.0,594.0
1102,20230314,101,5,22,6123.7,4512.2,5.0,1611.5
1103,20201129,103,3,23,4066.4,3348.8,15.0,717.6
1104,20241025,101,3,13,3486.6,2711.8,10.0,774.8
1105,20240604,105,5,16,3360.0,2352.0,0.0,1008.0
1106,20231228,102,5,23,7337.0,5135.9,0.0,2201.1
1107,20240714,104,5,10,1720.0,1204.0,0.0,516.0
1108,20231211,104,4,15,5737.5,4462.5,10.0,1275.0
1109,20211019,103,3,19,7009.1,5772.2,15.0,1236.9
1110,20231224,104,1,6,1825.8,1503.6,15.0,322.2
1111,20211104,104,4,16,6000.0,4200.0,0.0,1800.0
1112,20221231,102,4,16,3776.0,2643.2,0.0,1132.8
1113,20200816,103,1,13,1462.5,1137.5,10.0,325.0
1114,20230710,102,4,4,1558.0,1148.0,5.0,410.0
1115,20231111,103,4,5,995.0,696.5,0.0,298.5
1116,20240212,102,3,17,6273.0,4879.0,10.0,1394.0
1117,20240509,103,5,19,6292.8,4894.4,10.0,1398.4
1118,20240828,101,4,24,3504.0,2452.8,0.0,1051.2
1119,20230324,104,4,4,892.8,694.4,10.0,198.4
1120,20201118,102,1,20,4760.0,3332.0,0.0,1428.0
1121,20240728,102,5,12,1846.8,1360.8,5.0,486.0
1122,20211007,103,3,23,7096.65,5844.3,15.0,1252.35
1123,20240503,103,4,22,6512.0,4558.4,0.0,1953.6
1124,20200224,104,3,17,3352.4,2760.8,15.0,591.6
1125,20220501,105,1,19,5733.25,4721.5,15.0,1011.75
1126,20200410,103,1,5,1323.0,1029.0,10.0,294.0
1127,20200818,104,4,22,6937.7,5713.4,15.0,1224.3
1128,20230720,104,5,12,3855.6,2998.8,10.0,856.8
1129,20241207,105,2,6,929.1,684.6,5.0,244.5
1130,20220413,103,4,24,9139.2,7526.4,15.0,1612.8
1131,20210623,101,3,22,4070.0,2849.0,0.0,1221.0
1132,20240531,101,4,15,5440.5,4231.5,10.0,1209.0
1133,20240225,104,2,7,2730.0,1911.0,0.0,819.0
1134,20200324,105,3,18,3105.9,2557.8,15.0,548.1
1135,20240515,105,3,5,1962.0,1526.0,10.0,436.0
1136,20240519,101,1,21,7098.0,4968.6,0.0,2129.4
1137,20221216,101,3,8,1368.0,957.6,0.0,410.4
1138,20211224,105,3,19,6498.0,4788.0,5.0,1710.0
1139,20211023,101,1,13,2037.75,1501.5,5.0,536.25
1140,20200322,101,3,12,4568.4,3553.2,10.0,1015.2
1141,20210405,101,4,21,5565.0,3895.5,0.0,1669.5
1142,20240512,102,5,24,2959.2,2301.6,10.0,657.6
1143,20200316,102,3,18,6107.4,4750.2,10.0,1357.2
1144,20200304,102,1,19,2567.85,2114.7,15.0,453.15
1145,20211119,105,5,23,2443.75,2012.5,15.0,431.25
1146,20240604,102,2,3,561.0,462.0,15.0,99.0
1147,20220505,101,4,6,831.6,646.8,10.0,184.8
1148,20200506,101,2,15,4860.0,3402.0,0.0,1458.0
1149,20200330,101,5,22,3385.8,2494.8,5.0,891.0
1150,20240109,101,1,23,8093.7,6295.1,10.0,1798.6
1151,20220214,103,2,16,6379.2,4961.6,10.0,1417.6
1152,20231108,105,5,13,5396.95,3976.7,5.0,1420.25
1153,20231219,101,5,5,745.75,549.5,5.0,196.25
1154,20240811,101,3,21,3710.7,2734.2,5.0,976.5
1155,20200110,102,1,23,10281.0,7196.7,0.0,3084.3
1156,20221024,103,1,8,2774.0,2044.0,5.0,730.0
1157,20220808,104,1,7,1895.25,1396.5,5.0,498.75
1158,20230225,103,2,20,4698.0,3654.0,10.0,1044.0
1159,20210318,102,5,5,1615.0,1190.0,5.0,425.0
1160,20200127,102,5,10,1623.5,1337.0,15.0,286.5
1161,20200609,104,3,22,5860.8,4558.4,10.0,1302.4
1162,20240122,102,2,11,4187.7,3257.1,10.0,930.6
1163,20210628,103,5,12,3100.8,2553.6,15.0,547.2
1164,20240825,103,1,6,2340.0,1638.0,0.0,702.0
1165,20230811,103,1,6,2466.0,1726.2,0.0,739.8
1166,20240504,101,4,13,3250.0,2275.0,0.0,975.0
1167,20220203,105,1,1,297.5,245.0,15.0,52.5
1168,20210223,101,5,3,1083.0,758.1,0.0,324.9
1169,20201224,104,1,5,625.5,486.5,10.0,139.0
1170,20240113,101,1,24,3304.8,2570.4,10.0,734.4
1171,20240630,102,2,23,3063.6,2382.8,10.0,680.8
1172,20230109,101,2,7,2299.5,1788.5,10.0,511.0
1173,20220328,103,5,15,3618.0,2814.0,10.0,804.0
1174,20200223,101,1,18,5394.6,4195.8,10.0,1198.8
1175,20240313,104,2,19,3642.3,2832.9,10.0,809.4
1176,20240221,104,5,12,3568.2,2629.2,5.0,939.0
1177,20230928,103,1,13,2340.0,1638.0,0.0,702.0
1178,20230915,105,1,19,2002.6,1649.2,15.0,353.4
1179,20210409,105,2,21,4668.3,3439.8,5.0,1228.5
1180,20200419,103,5,2,571.9,421.4,5.0,150.5
1181,20200723,101,2,1,247.95,182.7,5.0,65.25
1182,20220101,101,4,11,1247.4,970.2,10.0,277.2
1183,20211003,101,2,13,2784.6,2165.8,10.0,618.8
1184,20231017,104,3,22,6583.5,4851.0,5.0,1732.5
1185,20210501,101,1,7,2280.95,1680.7,5.0,600.25
1186,20240301,101,5,21,6615.0,5145.0,10.0,1470.0
1187,20240719,101,2,22,4732.2,3680.6,10.0,1051.6
1188,20220102,103,5,1,160.0,112.0,0.0,48.0
1189,20230728,104,5,11,1564.2,1216.6,10.0,347.6
1190,20210328,105,4,9,3360.15,2475.9,5.0,884.25
1191,20220330,104,5,2,578.0,476.0,15.0,102.0
1192,20221228,102,5,14,5838.0,4086.6,0.0,1751.4
1193,20200814,104,1,9,3051.0,2135.7,0.0,915.3
1194,20221102,102,3,8,1094.8,901.6,15.0,193.2
1195,20201024,105,3,24,8488.8,6602.4,10.0,1886.4
1196,20240427,105,2,5,774.25,570.5,5.0,203.75
1197,20231119,102,3,24,3696.0,2587.2,0.0,1108.8
1198,20230730,103,3,5,739.5,609.0,15.0,130.5
1199,20220602,101,2,19,3746.8,3085.6,15.0,661.2
1200,20240810,102,3,12,3196.8,2486.4,10.0,710.4
1201,20240921,104,1,14,5656.0,3959.2,0.0,1696.8
1202,20221102,101,5,15,4959.75,4084.5,15.0,875.25
1203,20240516,103,1,18,6084.0,4258.8,0.0,1825.2
1204,20230818,105,1,17,3036.2,2237.2,5.0,799.0
1205,20200224,105,1,11,4190.45,3087.7,5.0,1102.75
1206,20200320,103,3,3,909.9,707.7,10.0,202.2
1207,20221121,104,5,23,8901.0,6923.0,10.0,1978.0
1208,20201107,105,5,15,1920.0,1344.0,0.0,576.0
1209,20200907,103,5,11,2236.3,1647.8,5.0,588.5
1210,20230707,105,4,6,1474.2,1146.6,10.0,327.6
1211,20220804,103,4,7,2308.6,1901.2,15.0,407.4
1212,20221214,101,2,23,8191.45,6745.9,15.0,1445.55
1213,20210226,103,2,1,324.7,267.4,15.0,57.3
1214,20220504,104,3,14,1848.7,1362.2,5.0,486.5
1215,20210704,105,2,16,2529.6,2083.2,15.0,446.4
1216,20231028,101,3,5,1107.0,861.0,10.0,246.0
1217,20231205,104,2,11,3573.9,2633.4,5.0,940.5
1218,20220713,104,2,13,2899.0,2029.3,0.0,869.7
1219,20200711,102,3,20,3534.0,2604.0,5.0,930.0
1220,20220120,102,1,8,1980.0,1540.0,10.0,440.0
1221,20210127,105,3,10,1860.0,1302.0,0.0,558.0
1222,20231023,105,1,3,684.0,504.0,5.0,180.0
1223,20210308,103,5,14,6174.0,4321.8,0.0,1852.2
1224,20200124,103,1,20,7128.0,5544.0,10.0,1584.0
1225,20201022,101,1,8,3374.4,2486.4,5.0,888.0
1226,20220502,104,4,7,1530.9,1190.7,10.0,340.2
1227,20241008,103,5,24,4605.6,3393.6,5.0,1212.0
1228,20240314,102,5,10,2356.0,1736.0,5.0,620.0
1229,20240924,104,1,2,332.0,232.4,0.0,99.6
1230,20200229,101,3,8,1938.0,1596.0,15.0,342.0
1231,20240513,102,5,15,3776.25,2782.5,5.0,993.75
1232,20230523,104,5,2,602.3,443.8,5.0,158.5
1233,20200720,104,5,1,161.0,112.7,0.0,48.3
1234,20221118,101,4,7,1474.2,1146.6,10.0,327.6
1235,20210824,101,2,22,7642.8,5944.4,10.0,1698.4
1236,20240327,104,5,18,6480.0,4536.0,0.0,1944.0
1237,20200826,104,5,4,1220.0,854.0,0.0,366.0
1238,20211025,102,5,12,1958.4,1612.8,15.0,345.6
1239,20230111,105,1,7,882.0,686.0,10.0,196.0
1240,20210819,104,3,13,4539.6,3530.8,10.0,1008.8
1241,20240612,103,2,2,306.0,214.2,0.0,91.8
1242,20230709,102,1,12,1764.0,1234.8,0.0,529.2
1243,20220906,102,5,8,1800.0,1400.0,10.0,400.0
1244,20230311,104,4,19,5920.4,4362.4,5.0,1558.0
1245,20210902,101,2,7,973.0,681.1,0.0,291.9
1246,20231004,102,1,22,5622.1,4142.6,5.0,1479.5
1247,20240505,101,5,23,3321.2,2447.2,5.0,874.0
1248,20220913,101,1,12,2325.6,1713.6,5.0,612.0
1249,20220712,104,5,10,3476.5,2863.0,15.0,613.5
1250,20220405,103,4,1,139.4,114.8,15.0,24.6
1251,20201105,101,3,18,5346.0,4158.0,10.0,1188.0
1252,20201129,102,5,15,3172.5,2467.5,10.0,705.0
1253,20241228,104,1,13,4563.65,3758.3,15.0,805.35
1254,20240211,101,3,2,368.9,303.8,15.0,65.1
1255,20241001,103,5,4,694.8,540.4,10.0,154.4
1256,20200916,104,2,5,1606.5,1323.0,15.0,283.5
1257,20220121,101,2,12,2052.0,1512.0,5.0,540.0
1258,20210518,104,4,16,5086.4,4188.8,15.0,897.6
1259,20220506,104,2,18,5634.0,3943.8,0.0,1690.2
1260,20221108,102,3,6,2096.1,1726.2,15.0,369.9
1261,20200416,102,5,13,1625.0,1137.5,0.0,487.5
1262,20210913,102,4,10,3050.0,2135.0,0.0,915.0
1263,20220817,102,3,23,5796.0,4057.2,0.0,1738.8
1264,20210106,105,2,16,1849.6,1523.2,15.0,326.4
1265,20240604,105,1,23,3988.2,3284.4,15.0,703.8
1266,20210204,105,2,21,7900.2,5821.2,5.0,2079.0
1267,20231216,101,3,4,802.8,624.4,10.0,178.4
1268,20220910,101,4,5,1843.0,1358.0,5.0,485.0
1269,20230602,102,2,11,3069.0,2387.0,10.0,682.0
1270,20220607,101,1,3,1279.65,942.9,5.0,336.75
1271,20230403,101,4,12,2883.6,2242.8,10.0,640.8
1272,20211215,101,3,8,1451.6,1069.6,5.0,382.0
1273,20200503,101,2,19,6993.9,5439.7,10.0,1554.2
1274,20211021,102,5,17,3973.75,3272.5,15.0,701.25
1275,20230121,105,1,14,2011.1,1656.2,15.0,354.9
1276,20230723,102,4,15,4320.0,3360.0,10.0,960.0
1277,20200616,103,3,8,1474.4,1086.4,5.0,388.0
1278,20211031,104,4,15,2686.5,2089.5,10.0,597.0
1279,20200212,102,3,14,2582.3,2126.6,15.0,455.7
1280,20210512,105,2,24,7800.0,5460.0,0.0,2340.0
1281,20210307,101,3,16,3200.0,2240.0,0.0,960.0
1282,20220620,103,3,19,2955.45,2433.9,15.0,521.55
1283,20221122,102,2,21,7122.15,5865.3,15.0,1256.85
1284,20241127,105,4,13,3662.1,2848.3,10.0,813.8
1285,20240218,104,4,19,3357.3,2473.8,5.0,883.5
1286,20220728,101,3,6,1739.1,1432.2,15.0,306.9
1287,20220722,103,3,3,780.0,546.0,0.0,234.0
1288,20240504,105,4,20,4028.0,2968.0,5.0,1060.0
1289,20220807,101,2,3,472.5,367.5,10.0,105.0
1290,20200103,102,2,22,5236.0,3665.2,0.0,1570.8
1291,20230421,103,5,24,8048.4,5930.4,5.0,2118.0
1292,20201204,102,4,5,1919.0,1414.0,5.0,505.0
1293,20210903,103,3,3,1314.0,919.8,0.0,394.2
1294,20240508,103,5,24,8425.2,6938.4,15.0,1486.8
1295,20201229,101,2,15,4896.0,4032.0,15.0,864.0
1296,20231211,102,3,23,7538.25,5554.5,5.0,1983.75
1297,20240125,101,1,23,7780.9,6407.8,15.0,1373.1
1298,20210425,103,5,23,3601.8,2801.4,10.0,800.4
1299,20230524,102,5,1,307.0,214.9,0.0,92.1
1300,20230517,102,4,1,177.0,123.9,0.0,53.1
1301,20220910,102,4,1,190.0,133.0,0.0,57.0
1302,20210621,101,4,19,6621.5,5453.0,15.0,1168.5
1303,20230724,104,5,11,1930.5,1501.5,10.0,429.0
1304,20240319,104,3,3,786.6,579.6,5.0,207.0
1305,20230624,105,5,13,2815.8,2074.8,5.0,741.0
1306,20210406,102,3,22,2954.6,2433.2,15.0,521.4
1307,20221027,103,2,22,7126.9,5251.4,5.0,1875.5
1308,20210826,105,1,18,4770.9,3515.4,5.0,1255.5
1309,20220124,105,5,8,2248.0,1573.6,0.0,674.4
1310,20241102,104,1,18,3351.6,2469.6,5.0,882.0
1311,20220715,102,5,5,2090.0,1463.0,0.0,627.0
1312,20240625,105,1,22,4577.1,3372.6,5.0,1204.5
1313,20220410,105,3,10,2507.5,2065.0,15.0,442.5
1314,20241104,102,1,23,2628.9,2044.7,10.0,584.2
1315,20231221,105,2,19,5360.85,3950.1,5.0,1410.75
1316,20240329,103,4,2,513.0,378.0,5.0,135.0
1317,20221115,101,3,10,2822.0,2324.0,15.0,498.0
1318,20230222,101,1,12,5292.0,3704.4,0.0,1587.6
1319,20200627,103,5,22,8177.4,6360.2,10.0,1817.2
1320,20230704,105,2,11,2449.7,2017.4,15.0,432.3
1321,20231120,101,3,13,5124.6,3985.8,10.0,1138.8
1322,20200105,104,3,8,1883.6,1551.2,15.0,332.4
1323,20240407,101,2,11,2957.35,2179.1,5.0,778.25
1324,20200815,104,3,22,3615.7,2664.2,5.0,951.5
1325,20240703,102,2,18,3898.8,2872.8,5.0,1026.0
1326,20210509,103,2,9,1829.7,1348.2,5.0,481.5
1327,20241112,105,1,6,1875.3,1381.8,5.0,493.5
1328,20200403,105,3,5,1485.0,1039.5,0.0,445.5
1329,20201110,105,2,24,4946.4,3847.2,10.0,1099.2
1330,20240615,104,1,12,2488.8,2049.6,15.0,439.2
1331,20221215,104,4,5,1479.0,1218.0,15.0,261.0
1332,20200518,103,4,6,2502.3,1843.8,5.0,658.5
1333,20230101,105,3,7,1417.5,1102.5,10.0,315.0
1334,20241220,102,2,8,1888.0,1321.6,0.0,566.4
1335,20200428,103,1,16,6464.0,4524.8,0.0,1939.2
1336,20240709,103,4,18,6640.2,5468.4,15.0,1171.8
1337,20210422,105,2,6,1317.6,1024.8,10.0,292.8
1338,20240415,103,4,3,706.8,520.8,5.0,186.0
1339,20220901,104,2,11,4213.0,2949.1,0.0,1263.9
1340,20220111,104,4,8,2901.6,2256.8,10.0,644.8
1341,20241120,105,5,11,2277.0,1593.9,0.0,683.1
1342,20241116,102,2,13,5317.0,3721.9,0.0,1595.1
1343,20221110,105,3,24,7792.8,6417.6,15.0,1375.2
1344,20240317,101,3,10,2973.5,2191.0,5.0,782.5
1345,20241108,101,1,12,4368.0,3057.6,0.0,1310.4
1346,20220927,104,3,13,3624.4,2984.8,15.0,639.6
1347,20230324,105,2,15,2358.75,1942.5,15.0,416.25
1348,20210429,103,5,13,2143.7,1765.4,15.0,378.3
1349,20210331,102,4,3,1083.0,758.1,0.0,324.9
1350,20200711,104,1,1,233.7,172.2,5.0,61.5
1351,20220821,104,2,14,4466.0,3126.2,0.0,1339.8
1352,20200112,101,2,20,4218.0,3108.0,5.0,1110.0
1353,20230322,103,5,9,1935.0,1354.5,0.0,580.5
1354,20211124,101,3,9,2727.45,2009.7,5.0,717.75
1355,20230810,105,4,23,4140.0,2898.0,0.0,1242.0
1356,20220109,103,3,14,2403.8,1979.6,15.0,424.2
1357,20200812,102,4,16,2815.2,2318.4,15.0,496.8
1358,20220208,104,5,11,3286.8,2556.4,10.0,730.4
1359,20220630,102,3,20,6004.0,4424.0,5.0,1580.0
1360,20200205,104,3,23,3146.4,2447.2,10.0,699.2
1361,20230318,103,5,13,1942.2,1510.6,10.0,431.6
1362,20240312,104,3,22,8276.4,6437.2,10.0,1839.2
1363,20210919,102,2,19,3488.4,2713.2,10.0,775.2
1364,20240401,105,3,5,2004.5,1477.0,5.0,527.5
1365,20220425,101,1,12,2091.0,1722.0,15.0,369.0
1366,20220123,102,2,16,3328.8,2452.8,5.0,876.0
1367,20240531,102,4,19,5061.6,3936.8,10.0,1124.8
1368,20220407,104,3,23,2561.05,2109.1,15.0,451.95
1369,20240219,103,2,10,3370.0,2359.0,0.0,1011.0
1370,20231005,105,2,7,1400.0,980.0,0.0,420.0
1371,20240727,104,4,2,319.2,235.2,5.0,84.0
1372,20241030,101,4,18,5293.8,4359.6,15.0,934.2
1373,20231024,104,3,18,5829.3,4800.6,15.0,1028.7
1374,20220809,101,3,3,413.1,321.3,10.0,91.8
1375,20210904,105,4,11,1346.4,1047.2,10.0,299.2
1376,20210526,105,1,9,3572.1,2778.3,10.0,793.8
1377,20221120,103,1,8,1944.0,1512.0,10.0,432.0
1378,20211216,101,3,11,2272.05,1871.1,15.0,400.95
1379,20231012,101,1,3,494.7,407.4,15.0,87.3
1380,20200614,101,1,23,3440.8,2833.6,15.0,607.2
1381,20221219,102,5,22,7788.0,5451.6,0.0,2336.4
1382,20221211,103,5,18,6241.5,4599.0,5.0,1642.5
1383,20200118,105,5,3,866.7,674.1,10.0,192.6
1384,20210316,104,3,10,2133.0,1659.0,10.0,474.0
1385,20210125,103,3,3,857.85,632.1,5.0,225.75
1386,20211130,102,5,19,6270.0,4389.0,0.0,1881.0
1387,20200511,101,5,6,1315.8,1083.6,15.0,232.2
1388,20210705,104,5,13,4652.05,3831.1,15.0,820.95
1389,20200818,102,3,1,133.0,98.0,5.0,35.0
1390,20210108,101,3,15,1734.0,1428.0,15.0,306.0
1391,20200206,105,3,2,586.8,456.4,10.0,130.4
1392,20211124,104,2,16,5520.0,3864.0,0.0,1656.0
1393,20230327,103,5,18,4377.6,3225.6,5.0,1152.0
1394,20230327,104,4,20,2850.0,2100.0,5.0,750.0
1395,20200115,101,5,22,5254.7,4327.4,15.0,927.3
1396,20201223,103,3,2,548.0,383.6,0.0,164.4
1397,20210106,101,5,5,1365.0,955.5,0.0,409.5
1398,20220222,105,5,19,6411.55,5280.1,15.0,1131.45
1399,20201122,101,5,21,6974.1,5424.3,10.0,1549.8
1400,20201107,105,1,22,7238.0,5066.6,0.0,2171.4
1401,20230508,101,5,23,2732.4,2125.2,10.0,607.2
1402,20220325,105,3,11,2732.4,2125.2,10.0,607.2
1403,20210923,104,4,18,6138.9,4523.4,5.0,1615.5
1404,20240901,104,1,19,1970.3,1622.6,15.0,347.7
1405,20220627,101,2,10,2966.5,2443.0,15.0,523.5
1406,20210320,101,4,5,1007.25,829.5,15.0,177.75
1407,20200504,103,1,16,3889.6,3203.2,15.0,686.4
1408,20210416,102,2,12,4514.4,3511.2,10.0,1003.2
1409,20241111,104,2,18,2753.1,2028.6,5.0,724.5
1410,20221013,101,5,21,5283.6,4351.2,15.0,932.4
1411,20240607,103,4,14,3657.5,2695.0,5.0,962.5
1412,20230415,103,4,18,7020.0,4914.0,0.0,2106.0
1413,20231016,103,1,10,1480.0,1036.0,0.0,444.0
1414,20220123,104,3,14,3910.2,2881.2,5.0,1029.0
1415,20240406,105,1,11,2288.0,1601.6,0.0,686.4
1416,20220514,103,2,13,1755.0,1228.5,0.0,526.5
1417,20221213,104,4,7,793.8,617.4,10.0,176.4
1418,20200302,101,3,20,3298.0,2716.0,15.0,582.0
1419,20220426,102,1,20,5000.0,3500.0,0.0,1500.0
1420,20240913,103,5,7,1404.9,1092.7,10.0,312.2
1421,20200622,105,1,14,1904.0,1568.0,15.0,336.0
1422,20241217,105,1,10,3500.0,2450.0,0.0,1050.0
1423,20200120,101,1,12,3988.2,3284.4,15.0,703.8
1424,20240317,102,5,1,405.0,283.5,0.0,121.5
1425,20210802,101,3,5,1147.5,945.0,15.0,202.5
1426,20220425,103,2,3,820.8,604.8,5.0,216.0
1427,20210319,104,2,14,2153.9,1773.8,15.0,380.1
1428,20220212,102,4,8,1550.4,1276.8,15.0,273.6
1429,20221120,103,1,9,1248.3,919.8,5.0,328.5
1430,20201008,104,4,9,3462.75,2551.5,5.0,911.25
1431,20210315,103,4,20,5256.0,4088.0,10.0,1168.0
1432,20230414,104,5,12,2690.4,1982.4,5.0,708.0
1433,20200416,101,5,4,996.0,697.2,0.0,298.8
1434,20230205,105,5,1,269.1,209.3,10.0,59.8
1435,20210214,103,4,15,1647.0,1281.0,10.0,366.0
1436,20220506,103,3,23,3168.25,2334.5,5.0,833.75
1437,20230407,101,2,11,4026.0,2818.2,0.0,1207.8
1438,20210812,101,2,17,3264.0,2284.8,0.0,979.2
1439,20211123,103,4,21,7122.15,5247.9,5.0,1874.25
1440,20230427,103,2,23,6489.45,4781.7,5.0,1707.75
1441,20240311,103,4,3,622.2,512.4,15.0,109.8
1442,20240414,105,4,7,2299.5,1788.5,10.0,511.0
1443,20211020,103,1,10,1113.5,917.0,15.0,196.5
1444,20211112,105,3,7,1316.7,970.2,5.0,346.5
1445,20240125,103,3,3,635.55,468.3,5.0,167.25
1446,20200831,101,2,20,2920.0,2044.0,0.0,876.0
1447,20201026,101,1,1,350.1,272.3,10.0,77.8
1448,20201111,105,3,17,3106.75,2558.5,15.0,548.25
1449,20230125,105,2,13,2509.0,1756.3,0.0,752.7
1450,20220220,102,1,8,993.6,772.8,10.0,220.8
1451,20221107,104,1,7,1263.5,931.0,5.0,332.5
1452,20200421,101,5,8,2120.4,1562.4,5.0,558.0
1453,20241212,105,4,24,6793.2,5594.4,15.0,1198.8
1454,20220529,103,3,1,120.7,99.4,15.0,21.3
1455,20220326,102,3,8,2288.0,1601.6,0.0,686.4
1456,20210902,101,3,20,7638.0,5628.0,5.0,2010.0
1457,20240116,101,4,23,8372.0,5860.4,0.0,2511.6
1458,20230619,104,1,7,882.0,617.4,0.0,264.6
1459,20230830,104,5,6,1854.0,1297.8,0.0,556.2
1460,20201221,101,4,7,2121.35,1563.1,5.0,558.25
1461,20230524,101,4,11,1580.15,1301.3,15.0,278.85
1462,20221231,104,4,24,5905.2,4351.2,5.0,1554.0
1463,20220522,103,5,24,9849.6,7257.6,5.0,2592.0
1464,20210610,104,3,13,5837.0,4085.9,0.0,1751.1
1465,20210627,105,4,6,1015.2,789.6,10.0,225.6
1466,20240403,101,5,9,3393.9,2639.7,10.0,754.2
1467,20201011,102,1,15,1797.75,1480.5,15.0,317.25
1468,20230129,102,5,20,2920.0,2044.0,0.0,876.0
1469,20200503,101,2,10,1662.5,1225.0,5.0,437.5
1470,20240223,105,3,13,1506.7,1110.2,5.0,396.5
1471,20240314,105,2,8,1152.0,806.4,0.0,345.6
1472,20240826,105,5,17,3149.25,2320.5,5.0,828.75
1473,20210223,104,5,18,5677.2,4183.2,5.0,1494.0
1474,20230111,103,2,17,4522.85,3724.7,15.0,798.15
1475,20221021,101,2,23,5669.5,4669.0,15.0,1000.5
1476,20231105,103,5,20,5681.0,4186.0,5.0,1495.0
1477,20200326,101,5,8,2088.0,1461.6,0.0,626.4
1478,20240730,102,4,20,6840.0,5320.0,10.0,1520.0
1479,20210727,103,5,17,3886.2,3022.6,10.0,863.6
1480,20210802,101,5,10,2040.0,1680.0,15.0,360.0
1481,20231121,104,5,2,714.6,555.8,10.0,158.8
1482,20241028,104,5,1,146.7,114.1,10.0,32.6
1483,20240707,102,1,7,1652.0,1156.4,0.0,495.6
1484,20211205,101,4,15,5845.5,4546.5,10.0,1299.0
1485,20241208,105,5,3,812.7,632.1,10.0,180.6
1486,20220713,103,4,19,7220.0,5320.0,5.0,1900.0
1487,20241217,103,2,17,5281.05,3891.3,5.0,1389.75
1488,20210217,101,4,19,3924.45,3231.9,15.0,692.55
1489,20210421,105,1,9,3492.0,2444.4,0.0,1047.6
1490,20221227,101,3,22,5011.6,4127.2,15.0,884.4
1491,20200316,104,2,17,5507.15,4057.9,5.0,1449.25
1492,20200912,103,1,4,1270.8,988.4,10.0,282.4
1493,20220427,101,3,5,1750.0,1225.0,0.0,525.0
1494,20240523,102,4,1,401.4,312.2,10.0,89.2
1495,20230713,104,1,17,2971.6,2189.6,5.0,782.0
1496,20210428,101,3,21,4176.9,3248.7,10.0,928.2
1497,20200516,102,1,19,6967.3,5133.8,5.0,1833.5
1498,20200626,104,4,15,3090.0,2163.0,0.0,927.0
1499,20230701,101,3,24,3876.0,2856.0,5.0,1020.0
1500,20221108,101,2,9,2648.7,2060.1,10.0,588.6
1501,20240921,103,1,17,2601.0,2142.0,15.0,459.0
1502,20230407,104,5,5,1121.0,826.0,5.0,295.0
1503,20200921,102,2,11,2372.15,1747.9,5.0,624.25
1504,20240607,103,4,17,6987.0,4890.9,0.0,2096.1
1505,20240429,103,5,19,4350.05,3205.3,5.0,1144.75
1506,20230912,101,3,4,860.2,708.4,15.0,151.8
1507,20220818,101,4,6,1350.9,995.4,5.0,355.5
1508,20220627,103,1,11,1828.75,1347.5,5.0,481.25
1509,20230407,101,3,24,8755.2,6451.2,5.0,2304.0
1510,20210214,105,4,22,6646.2,4897.2,5.0,1749.0
1511,20220129,102,4,10,4110.0,2877.0,0.0,1233.0
1512,20220709,105,2,5,1691.5,1393.0,15.0,298.5
1513,20220831,105,4,3,1022.55,842.1,15.0,180.45
1514,20211126,104,2,18,4343.4,3200.4,5.0,1143.0
1515,20200709,104,5,24,7017.6,5779.2,15.0,1238.4
1516,20200930,103,3,21,5103.0,3572.1,0.0,1530.9
1517,20230728,104,4,24,4753.2,3914.4,15.0,838.8
1518,20240306,101,5,5,740.0,518.0,0.0,222.0
1519,20240216,102,1,2,498.6,387.8,10.0,110.8
1520,20200426,103,5,18,5643.0,4158.0,5.0,1485.0
1521,20230409,101,2,10,2320.0,1624.0,0.0,696.0
1522,20230905,103,2,19,5862.45,4827.9,15.0,1034.55
1523,20230220,101,1,9,1461.15,1203.3,15.0,257.85
1524,20211123,101,1,3,822.0,575.4,0.0,246.6
1525,20231025,103,4,18,3351.6,2469.6,5.0,882.0
1526,20221229,103,5,13,2185.95,1610.7,5.0,575.25
1527,20210408,101,4,9,1591.2,1310.4,15.0,280.8
1528,20230731,105,2,6,2322.0,1625.4,0.0,696.6
1529,20210406,102,2,22,6886.0,4820.2,0.0,2065.8
1530,20220705,103,4,19,2774.0,1941.8,0.0,832.2
1531,20221112,102,2,14,2534.7,2087.4,15.0,447.3
1532,20200427,105,2,13,4691.7,3649.1,10.0,1042.6
1533,20210505,103,3,18,4086.9,3011.4,5.0,1075.5
1534,20240918,105,4,7,2582.3,2126.6,15.0,455.7
1535,20240226,101,4,13,3900.65,3212.3,15.0,688.35
1536,20230918,101,1,11,3212.0,2248.4,0.0,963.6
1537,20240224,101,5,14,2721.6,2116.8,10.0,604.8
1538,20211021,101,4,23,6295.1,5184.2,15.0,1110.9
1539,20240307,101,4,19,5711.4,4442.2,10.0,1269.2
1540,20240225,102,3,10,2813.5,2317.0,15.0,496.5
1541,20240306,104,3,23,5637.3,4153.8,5.0,1483.5
1542,20200207,103,3,20,6540.0,4578.0,0.0,1962.0
1543,20240706,105,5,24,6566.4,4838.4,5.0,1728.0
1544,20210204,101,3,7,1421.0,994.7,0.0,426.3
1545,20200128,105,4,20,3380.0,2366.0,0.0,1014.0
1546,20230108,104,1,14,5488.0,3841.6,0.0,1646.4
1547,20231009,104,5,2,429.4,316.4,5.0,113.0
1548,20220808,103,5,19,3843.7,3165.4,15.0,678.3
1549,20200408,101,3,17,3485.0,2439.5,0.0,1045.5
1550,20221114,105,5,23,3452.3,2543.8,5.0,908.5
1551,20220416,105,3,21,5176.5,4263.0,15.0,913.5
1552,20240918,101,1,20,8208.0,6048.0,5.0,2160.0
1553,20210407,101,4,8,1641.6,1209.6,5.0,432.0
1554,20210618,101,5,21,5008.5,3895.5,10.0,1113.0
1555,20210225,102,5,11,2453.0,1717.1,0.0,735.9
1556,20210925,103,4,16,1972.8,1534.4,10.0,438.4
1557,20201124,101,3,15,4860.0,3780.0,10.0,1080.0
1558,20220817,102,2,23,7705.0,5393.5,0.0,2311.5
1559,20220401,101,5,21,2952.6,2175.6,5.0,777.0
1560,20240529,104,2,22,3643.2,2833.6,10.0,809.6
1561,20230716,101,4,12,2017.8,1486.8,5.0,531.0
1562,20240229,104,1,10,2640.0,1848.0,0.0,792.0
1563,20230419,103,3,14,3684.1,2714.6,5.0,969.5
1564,20200205,104,5,6,1020.3,751.8,5.0,268.5
1565,20230118,102,5,12,2770.2,2041.2,5.0,729.0
1566,20240824,103,5,16,3590.4,2956.8,15.0,633.6
1567,20210522,104,5,4,452.2,372.4,15.0,79.8
1568,20210525,105,2,13,4050.8,2984.8,5.0,1066.0
1569,20200310,102,4,15,5472.0,4032.0,5.0,1440.0
1570,20220724,102,4,24,3384.0,2368.8,0.0,1015.2
1571,20210821,103,4,11,2385.9,1855.7,10.0,530.2
1572,20230218,105,4,9,1499.4,1234.8,15.0,264.6
1573,20211022,105,2,22,4989.6,3880.8,10.0,1108.8
1574,20220823,104,1,23,8993.0,6295.1,0.0,2697.9
1575,20210511,105,2,22,3702.6,3049.2,15.0,653.4
1576,20210410,105,4,9,988.2,768.6,10.0,219.6
1577,20221024,103,3,24,6528.0,5376.0,15.0,1152.0
1578,20201206,104,3,2,453.6,352.8,10.0,100.8
1579,20230526,105,3,2,241.4,198.8,15.0,42.6
1580,20200112,104,4,5,1634.0,1204.0,5.0,430.0
1581,20210905,104,4,13,2475.2,2038.4,15.0,436.8
1582,20201201,105,2,5,1467.75,1081.5,5.0,386.25
1583,20200625,101,2,21,3177.3,2616.6,15.0,560.7
1584,20210614,101,2,15,5670.0,4410.0,10.0,1260.0
1585,20200604,104,2,13,1638.0,1146.6,0.0,491.4
1586,20220924,101,2,9,1048.05,863.1,15.0,184.95
1587,20200701,102,4,14,4032.0,2822.4,0.0,1209.6
1588,20240513,102,1,13,3346.85,2466.1,5.0,880.75
1589,20241119,102,4,2,280.5,231.0,15.0,49.5
1590,20241022,105,5,12,4417.2,3435.6,10.0,981.6
1591,20231124,102,5,24,4056.0,2839.2,0.0,1216.8
1592,20210130,104,1,21,4179.0,2925.3,0.0,1253.7
1593,20220510,105,2,2,560.0,392.0,0.0,168.0
1594,20201013,103,5,9,1647.0,1152.9,0.0,494.1
1595,20230419,101,2,13,3556.8,2766.4,10.0,790.4
1596,20201029,105,3,20,2740.0,1918.0,0.0,822.0
1597,20221220,104,4,7,2488.5,1935.5,10.0,553.0
1598,20230705,104,2,5,935.0,654.5,0.0,280.5
1599,20230716,103,4,2,509.2,375.2,5.0,134.0
1600,20200914,101,1,5,1263.5,931.0,5.0,332.5
1601,20220625,102,3,15,2868.75,2362.5,15.0,506.25
1602,20201129,104,5,20,4465.0,3290.0,5.0,1175.0
1603,20210926,101,5,14,5040.7,3714.2,5.0,1326.5
1604,20230128,102,3,21,7407.75,6100.5,15.0,1307.25
1605,20201120,104,5,19,6508.45,5359.9,15.0,1148.55
1606,20240925,105,5,18,4911.3,4044.6,15.0,866.7
1607,20200928,103,1,15,5683.5,4420.5,10.0,1263.0
1608,20240208,104,3,18,5865.3,4321.8,5.0,1543.5
1609,20231224,103,3,7,1993.25,1641.5,15.0,351.75
1610,20210312,102,1,19,4295.9,3165.4,5.0,1130.5
1611,20231127,103,2,20,6154.0,5068.0,15.0,1086.0
1612,20240323,103,3,13,4458.35,3285.1,5.0,1173.25
1613,20210131,102,1,15,5970.0,4179.0,0.0,1791.0
1614,20200713,103,5,6,1219.8,898.8,5.0,321.0
1615,20221130,104,2,1,375.3,291.9,10.0,83.4
1616,20200226,104,3,21,5033.7,4145.4,15.0,888.3
1617,20210616,103,4,16,5563.2,4099.2,5.0,1464.0
1618,20230709,101,2,14,3213.0,2646.0,15.0,567.0
1619,20230918,105,5,12,2616.0,1831.2,0.0,784.8
1620,20230709,102,4,11,3187.25,2348.5,5.0,838.75
1621,20200726,102,3,3,696.6,541.8,10.0,154.8
1622,20220429,105,1,5,1899.75,1564.5,15.0,335.25
1623,20210216,105,2,4,1440.0,1008.0,0.0,432.0
1624,20201127,104,3,4,1656.0,1159.2,0.0,496.8
1625,20201203,103,2,16,2401.6,1769.6,5.0,632.0
1626,20221024,102,3,12,3465.6,2553.6,5.0,912.0
1627,20211004,104,3,6,1438.2,1184.4,15.0,253.8
1628,20230831,105,5,12,2968.2,2444.4,15.0,523.8
1629,20230903,105,3,24,4195.2,3091.2,5.0,1104.0
1630,20230707,103,3,16,5730.4,4222.4,5.0,1508.0
1631,20200505,105,1,6,2106.0,1474.2,0.0,631.8
1632,20211105,104,5,22,8246.7,6791.4,15.0,1455.3
1633,20211216,102,1,16,4788.0,3528.0,5.0,1260.0
1634,20220321,102,2,5,1513.0,1246.0,15.0,267.0
1635,20211101,104,2,7,1771.0,1239.7,0.0,531.3
1636,20200309,101,2,22,2570.7,1894.2,5.0,676.5
1637,20230402,105,5,23,4678.2,3638.6,10.0,1039.6
1638,20220616,101,5,13,5629.0,3940.3,0.0,1688.7
1639,20231026,103,4,23,4320.55,3558.1,15.0,762.45
1640,20210910,101,3,17,5636.35,4153.1,5.0,1483.25
1641,20221108,105,4,7,1505.35,1239.7,15.0,265.65
1642,20240620,101,5,14,5213.6,3841.6,5.0,1372.0
1643,20230902,105,1,1,412.3,303.8,5.0,108.5
1644,20210515,102,5,11,2791.8,2171.4,10.0,620.4
1645,20240228,104,3,8,3536.0,2475.2,0.0,1060.8
1646,20240324,102,1,16,4970.4,3662.4,5.0,1308.0
1647,20241015,104,2,17,4299.3,3343.9,10.0,955.4
1648,20210715,105,5,6,1269.9,1045.8,15.0,224.1
1649,20240807,103,4,6,1733.4,1348.2,10.0,385.2
1650,20241007,102,2,10,4104.0,3024.0,5.0,1080.0
1651,20240430,103,2,24,3511.2,2587.2,5.0,924.0
1652,20210311,103,4,12,2211.6,1629.6,5.0,582.0
1653,20210106,101,2,4,1296.0,907.2,0.0,388.8
1654,20230228,102,4,18,3656.7,3011.4,15.0,645.3
1655,20200714,103,4,13,3470.35,2557.1,5.0,913.25
1656,20220816,105,2,9,1761.3,1297.8,5.0,463.5
1657,20210105,101,3,21,4384.8,3410.4,10.0,974.4
1658,20221208,104,5,17,4363.9,3593.8,15.0,770.1
1659,20210325,101,1,8,1976.0,1383.2,0.0,592.8
1660,20200914,102,5,1,209.7,163.1,10.0,46.6
1661,20240823,103,5,20,2356.0,1736.0,5.0,620.0
1662,20210420,103,2,7,1960.0,1372.0,0.0,588.0
1663,20240103,104,4,3,1296.0,907.2,0.0,388.8
1664,20210425,101,4,3,705.0,493.5,0.0,211.5
1665,20210123,104,4,20,5080.0,3556.0,0.0,1524.0
1666,20211020,103,3,11,3771.9,2933.7,10.0,838.2
1667,20221002,105,5,2,747.0,581.0,10.0,166.0
1668,20220307,104,3,19,5717.1,4708.2,15.0,1008.9
1669,20241221,102,1,7,2660.0,1862.0,0.0,798.0
1670,20200513,103,4,5,1858.5,1445.5,10.0,413.0
1671,20200302,102,5,22,4444.0,3110.8,0.0,1333.2
1672,20231211,101,2,17,4522.85,3724.7,15.0,798.15
1673,20240929,102,2,18,5202.0,4284.0,15.0,918.0
1674,20210919,105,4,17,6358.0,5236.0,15.0,1122.0
1675,20240519,103,4,1,333.0,259.0,10.0,74.0
1676,20230920,102,1,10,1872.0,1456.0,10.0,416.0
1677,20200405,103,2,13,3757.0,3094.0,15.0,663.0
1678,20211113,103,5,23,4947.3,3847.9,10.0,1099.4
1679,20200626,105,1,2,246.0,172.2,0.0,73.8
1680,20211222,102,2,7,2961.0,2072.7,0.0,888.3
1681,20240103,104,1,14,2192.4,1705.2,10.0,487.2
1682,20241105,104,5,4,896.8,660.8,5.0,236.0
1683,20230516,104,3,14,3616.2,2812.6,10.0,803.6
1684,20220507,101,3,14,2048.2,1509.2,5.0,539.0
1685,20210924,103,3,18,5634.0,3943.8,0.0,1690.2
1686,20220901,105,4,11,3908.3,2879.8,5.0,1028.5
1687,20230629,102,4,19,5830.15,4295.9,5.0,1534.25
1688,20230503,103,1,8,1353.6,1052.8,10.0,300.8
1689,20210224,103,5,3,1096.2,852.6,10.0,243.6
1690,20220713,103,3,6,1218.9,1003.8,15.0,215.1
1691,20200919,105,4,18,7110.0,4977.0,0.0,2133.0
1692,20240725,103,3,14,3150.0,2450.0,10.0,700.0
1693,20210208,101,2,6,901.8,701.4,10.0,200.4
1694,20220508,103,4,22,8335.8,6483.4,10.0,1852.4
1695,20200613,101,4,22,7365.6,5728.8,10.0,1636.8
1696,20200502,105,1,21,7786.8,6056.4,10.0,1730.4
1697,20210621,101,3,5,1632.0,1344.0,15.0,288.0
1698,20200213,102,4,5,977.5,805.0,15.0,172.5
1699,20210401,101,1,7,2387.0,1670.9,0.0,716.1
1700,20240120,101,5,17,4182.85,3082.1,5.0,1100.75
1701,20220501,101,4,16,5056.0,3539.2,0.0,1516.8
1702,20211224,101,5,9,2538.0,1776.6,0.0,761.4
1703,20210314,102,5,9,1438.2,1184.4,15.0,253.8
1704,20200314,104,3,8,1533.6,1192.8,10.0,340.8
1705,20200512,103,1,9,2826.0,1978.2,0.0,847.8
1706,20230129,105,3,1,266.0,196.0,5.0,70.0
1707,20210823,102,5,9,3528.0,2469.6,0.0,1058.4
1708,20230710,101,2,17,3222.35,2653.7,15.0,568.65
1709,20221218,102,4,8,2176.0,1792.0,15.0,384.0
1710,20200930,101,1,16,2340.8,1724.8,5.0,616.0
1711,20220701,103,3,21,4074.0,2851.8,0.0,1222.2
1712,20210311,104,5,16,5791.2,4267.2,5.0,1524.0
1713,20210914,102,3,20,6902.0,5684.0,15.0,1218.0
1714,20230125,103,5,12,4050.0,3150.0,10.0,900.0
1715,20200327,104,3,20,8120.0,5684.0,0.0,2436.0
1716,20240831,103,4,9,2727.45,2009.7,5.0,717.75
1717,20220810,102,3,1,153.85,126.7,15.0,27.15
1718,20221105,102,3,22,3207.6,2494.8,10.0,712.8
1719,20240403,104,1,23,7233.5,5957.0,15.0,1276.5
1720,20200202,105,3,8,2944.8,2290.4,10.0,654.4
1721,20201118,104,2,3,1166.4,907.2,10.0,259.2
1722,20241104,105,2,20,7524.0,5852.0,10.0,1672.0
1723,20230506,103,3,17,5184.15,3819.9,5.0,1364.25
1724,20240409,105,1,18,2340.0,1638.0,0.0,702.0
1725,20221018,105,4,8,2743.2,2133.6,10.0,609.6
1726,20200908,105,4,1,277.4,204.4,5.0,73.0
1727,20211218,105,5,17,3978.0,2784.6,0.0,1193.4
1728,20200402,101,5,2,682.0,477.4,0.0,204.6
1729,20240822,101,5,16,4384.0,3068.8,0.0,1315.2
1730,20220526,101,4,22,2767.6,2279.2,15.0,488.4
1731,20231019,101,5,8,1638.8,1349.6,15.0,289.2
1732,20200721,103,1,21,3750.6,2763.6,5.0,987.0
1733,20230426,104,5,19,5947.0,4162.9,0.0,1784.1
1734,20240307,101,2,21,8618.4,6350.4,5.0,2268.0
1735,20210108,103,2,6,2359.8,1738.8,5.0,621.0
1736,20220318,102,5,21,5953.5,4630.5,10.0,1323.0
1737,20230623,101,1,21,2573.55,1896.3,5.0,677.25
1738,20241206,102,3,17,5232.6,3855.6,5.0,1377.0
1739,20210207,105,5,22,6949.8,5405.4,10.0,1544.4
1740,20200207,101,2,9,3257.55,2400.3,5.0,857.25
1741,20230713,103,2,19,2622.0,1835.4,0.0,786.6
1742,20230220,103,2,15,1875.0,1312.5,0.0,562.5
1743,20241226,104,3,17,3978.0,3094.0,10.0,884.0
1744,20230622,101,4,15,1887.0,1554.0,15.0,333.0
1745,20240307,105,3,10,3990.0,2940.0,5.0,1050.0
1746,20210207,102,4,16,2016.0,1568.0,10.0,448.0
1747,20220627,105,4,22,6468.0,4527.6,0.0,1940.4
1748,20240928,101,2,15,6420.0,4494.0,0.0,1926.0
1749,20240326,101,1,19,4582.8,3564.4,10.0,1018.4
1750,20220103,105,2,7,926.1,720.3,10.0,205.8
1751,20230528,102,1,5,1296.0,1008.0,10.0,288.0
1752,20221228,105,3,18,3636.0,2545.2,0.0,1090.8
1753,20210316,103,4,10,1500.0,1050.0,0.0,450.0
1754,20220626,103,5,1,397.0,277.9,0.0,119.1
1755,20230208,104,1,15,5238.0,4074.0,10.0,1164.0
1756,20231030,102,2,11,3542.55,2610.3,5.0,932.25
1757,20240831,101,3,23,3657.0,2559.9,0.0,1097.1
1758,20240811,103,5,1,324.0,226.8,0.0,97.2
1759,20211129,104,4,24,9816.0,6871.2,0.0,2944.8
1760,20230923,102,3,9,1101.6,907.2,15.0,194.4
1761,20200326,103,1,21,6997.2,5762.4,15.0,1234.8
1762,20200313,101,1,24,9223.2,7173.6,10.0,2049.6
1763,20231120,103,1,1,247.95,182.7,5.0,65.25
1764,20211006,103,4,14,5754.0,4027.8,0.0,1726.2
1765,20240626,105,2,10,1980.5,1631.0,15.0,349.5
1766,20211202,101,4,1,448.0,313.6,0.0,134.4
1767,20230904,105,3,13,4563.0,3549.0,10.0,1014.0
1768,20200808,104,2,15,2592.0,2016.0,10.0,576.0
1769,20210723,103,3,14,5304.6,4125.8,10.0,1178.8
1770,20210717,105,3,22,8355.6,6498.8,10.0,1856.8
1771,20210815,101,1,21,3099.6,2410.8,10.0,688.8
1772,20201125,101,3,16,5836.8,4300.8,5.0,1536.0
1773,20220617,105,5,6,1873.8,1457.4,10.0,416.4
1774,20201023,101,3,17,3128.0,2189.6,0.0,938.4
1775,20220509,101,2,20,4913.0,4046.0,15.0,867.0
1776,20230324,105,5,18,4147.2,3225.6,10.0,921.6
1777,20210409,104,3,8,1904.0,1332.8,0.0,571.2
1778,20201023,105,5,2,384.2,316.4,15.0,67.8
1779,20220323,104,1,18,6959.7,5128.2,5.0,1831.5
1780,20240126,101,1,21,3822.0,2675.4,0.0,1146.6
1781,20201228,105,1,10,1589.5,1309.0,15.0,280.5
1782,20211028,105,1,5,2200.0,1540.0,0.0,660.0
1783,20230917,104,2,4,1090.8,848.4,10.0,242.4
1784,20230920,104,2,20,2873.0,2366.0,15.0,507.0
1785,20230424,102,2,5,603.25,444.5,5.0,158.75
1786,20210128,102,4,5,793.25,584.5,5.0,208.75
1787,20211029,103,4,10,4005.0,3115.0,10.0,890.0
1788,20221208,103,2,9,3082.95,2538.9,15.0,544.05
1789,20240817,103,4,24,6847.2,5325.6,10.0,1521.6
1790,20220115,104,4,8,1246.4,918.4,5.0,328.0
1791,20200114,102,4,2,308.0,215.6,0.0,92.4
1792,20230915,101,2,16,4088.8,3012.8,5.0,1076.0
1793,20240617,103,2,22,7022.4,5174.4,5.0,1848.0
1794,20230207,105,5,10,1940.0,1358.0,0.0,582.0
1795,20220616,102,4,7,2475.9,1925.7,10.0,550.2
1796,20210125,103,5,11,3509.0,2456.3,0.0,1052.7
1797,20241123,104,1,17,5324.4,4141.2,10.0,1183.2
1798,20220114,103,2,9,1178.1,970.2,15.0,207.9
1799,20200518,103,5,7,2380.0,1960.0,15.0,420.0
1800,20221101,105,5,21,4694.55,3866.1,15.0,828.45
1801,20200530,101,4,6,2254.2,1856.4,15.0,397.8
1802,20211118,102,3,17,3228.3,2510.9,10.0,717.4
1803,20200406,101,3,24,2611.2,2150.4,15.0,460.8
1804,20210617,103,4,15,2115.0,1480.5,0.0,634.5
1805,20210721,105,4,8,1436.4,1058.4,5.0,378.0
1806,20231013,101,3,24,8832.0,6182.4,0.0,2649.6
1807,20240410,104,1,6,1556.1,1146.6,5.0,409.5
1808,20241128,104,3,20,3002.0,2212.0,5.0,790.0
1809,20220810,104,4,9,3987.0,2790.9,0.0,1196.1
1810,20231224,105,5,8,1822.4,1500.8,15.0,321.6
1811,20230226,103,4,4,532.0,372.4,0.0,159.6
1812,20200304,101,4,13,2297.1,1692.6,5.0,604.5
1813,20200505,105,4,23,3473.0,2431.1,0.0,1041.9
1814,20241208,104,5,6,2024.7,1667.4,15.0,357.3
1815,20211031,103,1,16,6912.0,4838.4,0.0,2073.6
1816,20220223,103,3,18,6471.9,5329.8,15.0,1142.1
1817,20201212,101,1,18,7643.7,5632.2,5.0,2011.5
1818,20241231,103,1,21,8778.0,6468.0,5.0,2310.0
1819,20200122,105,4,5,1415.0,990.5,0.0,424.5
1820,20210227,105,4,12,4981.8,3670.8,5.0,1311.0
1821,20240713,102,5,1,227.05,167.3,5.0,59.75
1822,20220612,102,5,13,4656.6,3621.8,10.0,1034.8
1823,20210918,101,3,22,2549.8,1878.8,5.0,671.0
1824,20200524,105,4,6,1203.6,991.2,15.0,212.4
1825,20220515,101,3,20,6820.0,4774.0,0.0,2046.0
1826,20211011,101,2,17,5982.3,4926.6,15.0,1055.7
1827,20230103,102,2,9,2807.55,2312.1,15.0,495.45
1828,20211127,101,5,10,3770.0,2639.0,0.0,1131.0
1829,20230506,102,1,14,2590.0,1813.0,0.0,777.0
1830,20241011,102,1,14,3250.8,2528.4,10.0,722.4
1831,20240301,102,5,19,5833.0,4083.1,0.0,1749.9
1832,20240805,102,1,22,3721.3,3064.6,15.0,656.7
1833,20220111,104,1,19,3972.9,3271.8,15.0,701.1
1834,20230521,103,1,10,3914.0,2884.0,5.0,1030.0
1835,20210110,104,1,15,5985.0,4410.0,5.0,1575.0
1836,20240604,103,1,5,1588.5,1235.5,10.0,353.0
1837,20220630,101,5,14,2726.5,2009.0,5.0,717.5
1838,20230831,103,1,10,3771.0,2933.0,10.0,838.0
1839,20200330,105,2,18,5232.6,4069.8,10.0,1162.8
1840,20200609,103,1,6,2017.8,1486.8,5.0,531.0
1841,20220508,101,5,12,3628.8,2822.4,10.0,806.4
1842,20230826,104,4,9,1736.55,1430.1,15.0,306.45
1843,20200404,101,5,24,6885.6,5073.6,5.0,1812.0
1844,20200726,104,3,8,2373.2,1954.4,15.0,418.8
1845,20210910,101,2,11,2013.0,1409.1,0.0,603.9
1846,20220101,101,2,10,3068.5,2527.0,15.0,541.5
1847,20230604,105,4,19,2889.9,2247.7,10.0,642.2
1848,20220807,103,3,1,202.35,149.1,5.0,53.25
1849,20230905,105,3,3,495.9,365.4,5.0,130.5
1850,20210722,105,2,14,4611.6,3586.8,10.0,1024.8
1851,20220410,102,3,21,4194.75,3454.5,15.0,740.25
1852,20220621,101,1,18,2575.8,2003.4,10.0,572.4
1853,20200605,105,2,22,8602.0,6021.4,0.0,2580.6
1854,20240106,105,3,17,3105.9,2415.7,10.0,690.2
1855,20241218,102,3,17,4219.4,3474.8,15.0,744.6
1856,20231124,103,4,20,7540.0,5278.0,0.0,2262.0
1857,20210615,101,1,18,5621.4,4372.2,10.0,1249.2
1858,20200824,102,5,9,2646.0,1852.2,0.0,793.8
1859,20200701,105,4,9,3685.05,2715.3,5.0,969.75
1860,20201113,102,3,16,5840.0,4088.0,0.0,1752.0
1861,20201007,105,3,7,957.6,705.6,5.0,252.0
1862,20241128,105,3,23,5319.9,4137.7,10.0,1182.2
1863,20201030,101,2,13,5538.0,3876.6,0.0,1661.4
1864,20210909,102,5,23,8257.0,5779.9,0.0,2477.1
1865,20240312,103,4,14,5825.4,4292.4,5.0,1533.0
1866,20210413,101,1,13,4334.85,3194.1,5.0,1140.75
1867,20240805,105,3,11,1595.0,1116.5,0.0,478.5
1868,20210121,104,3,6,2101.2,1730.4,15.0,370.8
1869,20241022,101,1,7,1542.8,1136.8,5.0,406.0
1870,20241027,101,1,11,2752.2,2140.6,10.0,611.6
1871,20220723,105,3,20,5406.0,4452.0,15.0,954.0
1872,20230110,101,3,18,4599.9,3389.4,5.0,1210.5
1873,20211015,103,2,12,2624.4,2041.2,10.0,583.2
1874,20200415,101,1,10,2124.0,1652.0,10.0,472.0
1875,20221002,101,4,1,384.3,298.9,10.0,85.4
1876,20210921,104,5,22,9196.0,6776.0,5.0,2420.0
1877,20230816,102,2,1,377.1,293.3,10.0,83.8
1878,20241126,102,2,15,4563.0,3549.0,10.0,1014.0
1879,20201128,104,5,2,806.4,627.2,10.0,179.2
1880,20211216,104,4,15,3045.0,2131.5,0.0,913.5
1881,20241105,101,3,23,6979.35,5747.7,15.0,1231.65
1882,20231028,102,2,2,502.2,390.6,10.0,111.6
1883,20230914,102,2,23,7659.0,5957.0,10.0,1702.0
1884,20220312,101,1,18,5880.6,4573.8,10.0,1306.8
1885,20210226,104,5,22,3603.6,2802.8,10.0,800.8
1886,20200717,102,4,17,2478.6,1927.8,10.0,550.8
1887,20210619,102,5,14,4807.6,3959.2,15.0,848.4
1888,20230219,103,3,5,940.5,693.0,5.0,247.5
1889,20210710,103,4,10,1881.0,1386.0,5.0,495.0
1890,20241112,103,2,4,1526.6,1257.2,15.0,269.4
1891,20240811,102,4,21,5712.0,3998.4,0.0,1713.6
1892,20220922,105,2,18,3402.0,2646.0,10.0,756.0
1893,20230906,105,1,9,3546.0,2482.2,0.0,1063.8
1894,20241126,104,4,15,4806.0,3738.0,10.0,1068.0
1895,20240825,103,5,15,3570.0,2940.0,15.0,630.0
1896,20240517,101,1,9,3591.0,2513.7,0.0,1077.3
1897,20240424,105,4,7,1423.1,1048.6,5.0,374.5
1898,20230628,102,5,19,3246.15,2673.3,15.0,572.85
1899,20200410,102,5,23,7389.9,5747.7,10.0,1642.2
1900,20241109,103,5,3,558.9,434.7,10.0,124.2
1901,20240403,103,4,7,2142.0,1499.4,0.0,642.6
1902,20201012,102,3,24,7935.6,6535.2,15.0,1400.4
1903,20201102,103,3,20,8200.0,5740.0,0.0,2460.0
1904,20230313,102,3,6,1613.1,1188.6,5.0,424.5
1905,20240529,104,1,15,2625.0,1837.5,0.0,787.5
1906,20220426,101,2,1,151.05,111.3,5.0,39.75
1907,20211001,102,5,20,2970.0,2310.0,10.0,660.0
1908,20221129,103,5,13,2482.35,1829.1,5.0,653.25
1909,20220223,105,2,9,3411.9,2809.8,15.0,602.1
1910,20230611,105,5,22,5852.0,4312.0,5.0,1540.0
1911,20211225,102,2,6,1379.4,1016.4,5.0,363.0
1912,20241202,105,1,4,796.0,557.2,0.0,238.8
1913,20210423,103,2,5,1359.0,1057.0,10.0,302.0
1914,20211025,103,5,14,2287.6,1685.6,5.0,602.0
1915,20220808,102,3,7,896.0,627.2,0.0,268.8
1916,20221020,105,4,24,5120.4,4216.8,15.0,903.6
1917,20200907,103,4,24,5700.0,4200.0,5.0,1500.0
1918,20221124,103,1,24,6222.0,5124.0,15.0,1098.0
1919,20200106,103,2,16,3481.6,2867.2,15.0,614.4
1920,20231125,102,3,6,703.8,579.6,15.0,124.2
1921,20231228,102,4,15,5640.0,3948.0,0.0,1692.0
1922,20241213,103,2,12,3034.8,2360.4,10.0,674.4
1923,20221103,104,4,24,5324.4,4384.8,15.0,939.6
1924,20201004,105,4,1,195.0,136.5,0.0,58.5
1925,20221012,103,5,8,1863.2,1534.4,15.0,328.8
1926,20230829,102,5,13,2726.1,2120.3,10.0,605.8
1927,20221125,105,3,19,2374.05,1955.1,15.0,418.95
1928,20230825,104,4,9,1767.15,1455.3,15.0,311.85
1929,20231014,102,1,6,1787.4,1390.2,10.0,397.2
1930,20241107,103,5,16,2433.6,1892.8,10.0,540.8
1931,20231201,103,5,3,935.85,770.7,15.0,165.15
1932,20200203,105,2,22,7656.0,5359.2,0.0,2296.8
1933,20221227,105,1,20,3192.0,2352.0,5.0,840.0
1934,20240731,104,5,12,3408.6,2511.6,5.0,897.0
1935,20211229,102,5,13,4153.5,3230.5,10.0,923.0
1936,20230624,101,3,14,5331.2,4390.4,15.0,940.8
1937,20210218,103,1,17,6288.3,4890.9,10.0,1397.4
1938,20220203,105,4,20,5840.0,4088.0,0.0,1752.0
1939,20230408,102,4,19,6207.3,4827.9,10.0,1379.4
1940,20230527,105,5,20,2880.0,2016.0,0.0,864.0
1941,20220612,105,2,8,1421.2,1047.2,5.0,374.0
1942,20220525,101,2,11,3267.0,2286.9,0.0,980.1
1943,20230404,102,5,13,5473.0,3831.1,0.0,1641.9
1944,20231108,105,1,12,2712.0,1898.4,0.0,813.6
1945,20241122,105,4,13,1614.6,1255.8,10.0,358.8
1946,20231102,102,3,23,8901.0,6230.7,0.0,2670.3
1947,20230422,105,4,2,866.0,606.2,0.0,259.8
1948,20200628,101,2,4,1008.0,705.6,0.0,302.4
1949,20210524,104,4,5,1810.0,1267.0,0.0,543.0
1950,20240523,102,1,5,679.25,500.5,5.0,178.75
1951,20240727,104,2,3,1102.95,812.7,5.0,290.25
1952,20230128,102,1,6,1670.1,1230.6,5.0,439.5
1953,20240221,104,4,19,5151.85,4242.7,15.0,909.15
1954,20231023,103,2,5,1953.0,1519.0,10.0,434.0
1955,20230909,101,3,9,2034.9,1499.4,5.0,535.5
1956,20240616,102,5,7,1089.9,847.7,10.0,242.2
1957,20240129,105,3,20,3077.0,2534.0,15.0,543.0
1958,20220816,103,5,13,3038.75,2502.5,15.0,536.25
1959,20230913,105,5,12,4341.6,3376.8,10.0,964.8
1960,20220619,101,3,6,766.8,596.4,10.0,170.4
1961,20210708,102,4,22,6652.8,5174.4,10.0,1478.4
1962,20240106,104,5,20,7480.0,6160.0,15.0,1320.0
1963,20240906,103,1,21,8558.55,6306.3,5.0,2252.25
1964,20231204,101,3,21,6974.1,5424.3,10.0,1549.8
1965,20220528,103,2,10,1660.0,1162.0,0.0,498.0
1966,20210103,105,3,16,4096.0,2867.2,0.0,1228.8
1967,20231109,103,2,2,717.4,590.8,15.0,126.6
1968,20200410,102,3,23,8155.8,6343.4,10.0,1812.4
1969,20230615,101,3,2,296.0,207.2,0.0,88.8
1970,20240110,102,5,8,1603.6,1181.6,5.0,422.0
1971,20240928,105,1,23,8342.1,6488.3,10.0,1853.8
1972,20210615,102,4,12,2758.8,2032.8,5.0,726.0
1973,20211018,101,2,5,1589.5,1309.0,15.0,280.5
1974,20220614,105,3,10,3425.5,2821.0,15.0,604.5
1975,20211003,103,5,18,5865.3,4321.8,5.0,1543.5
1976,20231005,103,4,8,919.6,677.6,5.0,242.0
1977,20230917,105,1,15,4692.0,3864.0,15.0,828.0
1978,20240718,103,4,22,6458.1,4758.6,5.0,1699.5
1979,20210406,102,4,7,2681.0,1876.7,0.0,804.3
1980,20200403,101,2,19,3321.2,2447.2,5.0,874.0
1981,20230926,105,3,15,5724.0,4452.0,10.0,1272.0
1982,20240311,104,4,11,2711.5,2233.0,15.0,478.5
1983,20201213,104,2,24,2808.0,2184.0,10.0,624.0
1984,20230707,101,5,22,3950.1,2910.6,5.0,1039.5
1985,20240707,102,2,5,1656.0,1288.0,10.0,368.0
1986,20220516,104,1,14,4843.3,3988.6,15.0,854.7
1987,20210730,102,5,11,2225.85,1640.1,5.0,585.75
1988,20231218,101,5,10,3515.0,2590.0,5.0,925.0
1989,20200702,103,5,15,3726.0,2898.0,10.0,828.0
1990,20240520,104,3,2,345.8,254.8,5.0,91.0
1991,20220619,102,1,23,9264.4,6826.4,5.0,2438.0
1992,20210322,101,1,15,3510.0,2730.0,10.0,780.0
1993,20220512,102,5,20,3580.0,2506.0,0.0,1074.0
1994,20201205,102,3,23,9223.0,6456.1,0.0,2766.9
1995,20230416,105,4,14,5405.4,4204.2,10.0,1201.2
1996,20200218,105,3,5,1899.75,1564.5,15.0,335.25
1997,20240601,105,2,2,608.6,501.2,15.0,107.4
1998,20231003,102,2,15,1852.5,1365.0,5.0,487.5
1999,20201027,104,3,2,640.8,498.4,10.0,142.4
2000,20241010,102,5,17,5844.6,4545.8,10.0,1298.8
